"","rep","temperature","species","times","abundance","pH"
"1","R1",6,"S1",1,1.4417524429658,5.6
"2","R2",6,"S1",1,4.56081845432464,5.6
"3","R3",6,"S1",1,7.11620791966711,5.6
"4","R1",8,"S1",1,7.1856664463231,5.8
"5","R2",8,"S1",1,22.2255768733563,5.8
"6","R3",8,"S1",1,16.8473465475226,5.8
"7","R1",10,"S1",1,91.1600480814973,6
"8","R2",10,"S1",1,9.11949762622468,6
"9","R3",10,"S1",1,17.2886909533652,6
"10","R1",12,"S1",1,127.942149692358,6.2
"11","R2",12,"S1",1,79.4377441943874,6.2
"12","R3",12,"S1",1,3.80332837557483,6.2
"13","R1",14,"S1",1,53.0131460501503,6.4
"14","R2",14,"S1",1,63.0124200013806,6.4
"15","R3",14,"S1",1,16.4786565235293,6.4
"16","R1",16,"S1",1,27.4538724917651,6.6
"17","R2",16,"S1",1,142.033334496754,6.6
"18","R3",16,"S1",1,9.65778412608001,6.6
"19","R1",18,"S1",1,31.5774293177419,6.8
"20","R2",18,"S1",1,14.8227625644201,6.8
"21","R3",18,"S1",1,4.91047914278536,6.8
"22","R1",20,"S1",1,23.882801115529,7
"23","R2",20,"S1",1,13.463162061349,7
"24","R3",20,"S1",1,24.9332188087357,7
"25","R1",22,"S1",1,19.2745375681514,7.2
"26","R2",22,"S1",1,35.3890903486198,7.2
"27","R3",22,"S1",1,48.9026630851756,7.2
"28","R1",24,"S1",1,39.2891129451399,7.4
"29","R2",24,"S1",1,6.16241658298829,7.4
"30","R3",24,"S1",1,17.2462674328117,7.4
"31","R1",26,"S1",1,138.330162679544,7.6
"32","R2",26,"S1",1,23.2031058915522,7.6
"33","R3",26,"S1",1,37.6886360863832,7.6
"34","R1",6,"S2",1,6.96676985340088,5.6
"35","R2",6,"S2",1,16.9002376549907,5.6
"36","R3",6,"S2",1,5.80382320300467,5.6
"37","R1",8,"S2",1,27.3698657079683,5.8
"38","R2",8,"S2",1,45.7932966980765,5.8
"39","R3",8,"S2",1,7.61969436390669,5.8
"40","R1",10,"S2",1,28.601713159758,6
"41","R2",10,"S2",1,8.6051168633828,6
"42","R3",10,"S2",1,13.6872064878371,6
"43","R1",12,"S2",1,60.6356945984694,6.2
"44","R2",12,"S2",1,32.1052419391056,6.2
"45","R3",12,"S2",1,284.829722971658,6.2
"46","R1",14,"S2",1,15.2741887207583,6.4
"47","R2",14,"S2",1,48.4360990419732,6.4
"48","R3",14,"S2",1,14.6044710169619,6.4
"49","R1",16,"S2",1,122.983729094784,6.6
"50","R2",16,"S2",1,161.935776979067,6.6
"51","R3",16,"S2",1,319.986484223529,6.6
"52","R1",18,"S2",1,336.299911495163,6.8
"53","R2",18,"S2",1,20.1255329678285,6.8
"54","R3",18,"S2",1,14.7681623429473,6.8
"55","R1",20,"S2",1,114.536499619719,7
"56","R2",20,"S2",1,607.597934241155,7
"57","R3",20,"S2",1,286.982899621221,7
"58","R1",22,"S2",1,585.626007359097,7.2
"59","R2",22,"S2",1,48.1370930542987,7.2
"60","R3",22,"S2",1,270.213470111308,7.2
"61","R1",24,"S2",1,205.358963456267,7.4
"62","R2",24,"S2",1,459.959095617187,7.4
"63","R3",24,"S2",1,19.5429723866606,7.4
"64","R1",26,"S2",1,43.6880635334855,7.6
"65","R2",26,"S2",1,255.658593565931,7.6
"66","R3",26,"S2",1,231.091109097148,7.6
"67","R1",6,"S3",1,58.964685043859,5.6
"68","R2",6,"S3",1,489.536383632959,5.6
"69","R3",6,"S3",1,1478.68276982856,5.6
"70","R1",8,"S3",1,754.559179613566,5.8
"71","R2",8,"S3",1,405.915298646634,5.8
"72","R3",8,"S3",1,1228.43878969665,5.8
"73","R1",10,"S3",1,2990.30290285187,6
"74","R2",10,"S3",1,18741.6758938631,6
"75","R3",10,"S3",1,2122.26591663501,6
"76","R1",12,"S3",1,9707.18295924534,6.2
"77","R2",12,"S3",1,14002.2647942216,6.2
"78","R3",12,"S3",1,9178.58355120442,6.2
"79","R1",14,"S3",1,24288.9649727702,6.4
"80","R2",14,"S3",1,63174.1176566726,6.4
"81","R3",14,"S3",1,45511.9511810834,6.4
"82","R1",16,"S3",1,147043.603970468,6.6
"83","R2",16,"S3",1,387231.581443363,6.6
"84","R3",16,"S3",1,304493.159306644,6.6
"85","R1",18,"S3",1,1078089.54021915,6.8
"86","R2",18,"S3",1,1169460.52372293,6.8
"87","R3",18,"S3",1,1024188.24135118,6.8
"88","R1",20,"S3",1,1506674.55660919,7
"89","R2",20,"S3",1,3904971.49815126,7
"90","R3",20,"S3",1,3151546.50665118,7
"91","R1",22,"S3",1,35453680.4434594,7.2
"92","R2",22,"S3",1,1613656.08412856,7.2
"93","R3",22,"S3",1,16683753.5349772,7.2
"94","R1",24,"S3",1,137428268.165683,7.4
"95","R2",24,"S3",1,88547915.4396184,7.4
"96","R3",24,"S3",1,275796044.138632,7.4
"97","R1",26,"S3",1,721721507.776286,7.6
"98","R2",26,"S3",1,291073491.082333,7.6
"99","R3",26,"S3",1,42465680.9671757,7.6
"100","R1",6,"S1",2,8.29159417740726,5.6
"101","R2",6,"S1",2,17.1169443191282,5.6
"102","R3",6,"S1",2,18.1492519351618,5.6
"103","R1",8,"S1",2,11.5230531569834,5.8
"104","R2",8,"S1",2,11.0983770089001,5.8
"105","R3",8,"S1",2,113.295687711611,5.8
"106","R1",10,"S1",2,15.3864904720864,6
"107","R2",10,"S1",2,17.7078556340067,6
"108","R3",10,"S1",2,6.90941997762837,6
"109","R1",12,"S1",2,17.4971069320653,6.2
"110","R2",12,"S1",2,9.92365339346949,6.2
"111","R3",12,"S1",2,3.92075232227548,6.2
"112","R1",14,"S1",2,6.06226914596304,6.4
"113","R2",14,"S1",2,23.4932456892291,6.4
"114","R3",14,"S1",2,4.5857997289511,6.4
"115","R1",16,"S1",2,8.57052155110992,6.6
"116","R2",16,"S1",2,37.0399422802977,6.6
"117","R3",16,"S1",2,51.9928128249129,6.6
"118","R1",18,"S1",2,19.3313117030538,6.8
"119","R2",18,"S1",2,11.7061275772042,6.8
"120","R3",18,"S1",2,45.8357977539221,6.8
"121","R1",20,"S1",2,4.85648828115557,7
"122","R2",20,"S1",2,64.5676090620926,7
"123","R3",20,"S1",2,17.5772303463412,7
"124","R1",22,"S1",2,8.78245245548137,7.2
"125","R2",22,"S1",2,45.2504226648529,7.2
"126","R3",22,"S1",2,21.5693289564123,7.2
"127","R1",24,"S1",2,79.5867259567333,7.4
"128","R2",24,"S1",2,191.377120426056,7.4
"129","R3",24,"S1",2,103.221535919137,7.4
"130","R1",26,"S1",2,55.0694835763811,7.6
"131","R2",26,"S1",2,117.900538248783,7.6
"132","R3",26,"S1",2,9.4117045261851,7.6
"133","R1",6,"S2",2,23.4198877248776,5.6
"134","R2",6,"S2",2,28.733182142021,5.6
"135","R3",6,"S2",2,5.35990797521794,5.6
"136","R1",8,"S2",2,34.2643576682739,5.8
"137","R2",8,"S2",2,29.2116733507695,5.8
"138","R3",8,"S2",2,19.582373966672,5.8
"139","R1",10,"S2",2,4.24096349729388,6
"140","R2",10,"S2",2,37.0745064773495,6
"141","R3",10,"S2",2,15.356193371919,6
"142","R1",12,"S2",2,92.6941868416021,6.2
"143","R2",12,"S2",2,158.321162435956,6.2
"144","R3",12,"S2",2,97.8819606620229,6.2
"145","R1",14,"S2",2,31.3797585191493,6.4
"146","R2",14,"S2",2,65.3178626086005,6.4
"147","R3",14,"S2",2,156.805270084114,6.4
"148","R1",16,"S2",2,27.5794933513152,6.6
"149","R2",16,"S2",2,94.5332317643298,6.6
"150","R3",16,"S2",2,62.3498194284903,6.6
"151","R1",18,"S2",2,26.0295780438134,6.8
"152","R2",18,"S2",2,68.0498356514942,6.8
"153","R3",18,"S2",2,207.149418041401,6.8
"154","R1",20,"S2",2,477.592416729246,7
"155","R2",20,"S2",2,39.0085356042758,7
"156","R3",20,"S2",2,167.446534000684,7
"157","R1",22,"S2",2,184.500263399051,7.2
"158","R2",22,"S2",2,82.347250081716,7.2
"159","R3",22,"S2",2,658.33091968547,7.2
"160","R1",24,"S2",2,107.031632400678,7.4
"161","R2",24,"S2",2,349.818092807436,7.4
"162","R3",24,"S2",2,437.88121581059,7.4
"163","R1",26,"S2",2,3477.03435077385,7.6
"164","R2",26,"S2",2,1333.15114713816,7.6
"165","R3",26,"S2",2,680.172326864039,7.6
"166","R1",6,"S3",2,923.025317163985,5.6
"167","R2",6,"S3",2,686.191578841306,5.6
"168","R3",6,"S3",2,83.8398122145885,5.6
"169","R1",8,"S3",2,1590.91959995816,5.8
"170","R2",8,"S3",2,1080.23075039823,5.8
"171","R3",8,"S3",2,2645.16375474729,5.8
"172","R1",10,"S3",2,828.19538015998,6
"173","R2",10,"S3",2,13224.9736463911,6
"174","R3",10,"S3",2,2538.30994463862,6
"175","R1",12,"S3",2,24470.5632386584,6.2
"176","R2",12,"S3",2,10590.5534021134,6.2
"177","R3",12,"S3",2,8087.91413899371,6.2
"178","R1",14,"S3",2,41474.8327992701,6.4
"179","R2",14,"S3",2,28822.9089869431,6.4
"180","R3",14,"S3",2,295648.62742191,6.4
"181","R1",16,"S3",2,505842.946947022,6.6
"182","R2",16,"S3",2,262410.2183308,6.6
"183","R3",16,"S3",2,101773.302335165,6.6
"184","R1",18,"S3",2,2999725.42322023,6.8
"185","R2",18,"S3",2,1137980.85028336,6.8
"186","R3",18,"S3",2,1991986.48724932,6.8
"187","R1",20,"S3",2,3271943.12578823,7
"188","R2",20,"S3",2,7121056.93520008,7
"189","R3",20,"S3",2,7143826.00802274,7
"190","R1",22,"S3",2,45823365.8013798,7.2
"191","R2",22,"S3",2,9641759.52085212,7.2
"192","R3",22,"S3",2,16810084.7188899,7.2
"193","R1",24,"S3",2,134378705.181228,7.4
"194","R2",24,"S3",2,39490035.186269,7.4
"195","R3",24,"S3",2,49939147.5156564,7.4
"196","R1",26,"S3",2,33970712.8039298,7.6
"197","R2",26,"S3",2,272162049.790487,7.6
"198","R3",26,"S3",2,79465264.4471915,7.6
"199","R1",6,"S1",3,7.36121275958958,5.6
"200","R2",6,"S1",3,7.96463247935326,5.6
"201","R3",6,"S1",3,5.89555822221308,5.6
"202","R1",8,"S1",3,2.68319926458147,5.8
"203","R2",8,"S1",3,26.7639102900224,5.8
"204","R3",8,"S1",3,7.39086096654851,5.8
"205","R1",10,"S1",3,19.0702631171058,6
"206","R2",10,"S1",3,10.7147613267902,6
"207","R3",10,"S1",3,5.6511938633438,6
"208","R1",12,"S1",3,10.0845020319665,6.2
"209","R2",12,"S1",3,44.8201386157912,6.2
"210","R3",12,"S1",3,12.9006679587729,6.2
"211","R1",14,"S1",3,13.1064819152937,6.4
"212","R2",14,"S1",3,4.52826263604659,6.4
"213","R3",14,"S1",3,49.2148077907886,6.4
"214","R1",16,"S1",3,28.3542596481558,6.6
"215","R2",16,"S1",3,16.3159472417117,6.6
"216","R3",16,"S1",3,35.3547579146459,6.6
"217","R1",18,"S1",3,23.7725908004698,6.8
"218","R2",18,"S1",3,10.2637099869108,6.8
"219","R3",18,"S1",3,8.54095231725909,6.8
"220","R1",20,"S1",3,1.76232339818376,7
"221","R2",20,"S1",3,47.3447105209052,7
"222","R3",20,"S1",3,24.8014362958699,7
"223","R1",22,"S1",3,27.7104683920026,7.2
"224","R2",22,"S1",3,67.5027674824791,7.2
"225","R3",22,"S1",3,160.726295028886,7.2
"226","R1",24,"S1",3,11.1020505416066,7.4
"227","R2",24,"S1",3,24.8806585785469,7.4
"228","R3",24,"S1",3,39.2410358568918,7.4
"229","R1",26,"S1",3,53.4864728239345,7.6
"230","R2",26,"S1",3,20.9225562098428,7.6
"231","R3",26,"S1",3,51.1397554266259,7.6
"232","R1",6,"S2",3,4.29226065145444,5.6
"233","R2",6,"S2",3,16.2696468613967,5.6
"234","R3",6,"S2",3,6.51653829040724,5.6
"235","R1",8,"S2",3,4.58803940011578,5.8
"236","R2",8,"S2",3,15.7786717486259,5.8
"237","R3",8,"S2",3,6.8390023661172,5.8
"238","R1",10,"S2",3,3.59429246726792,6
"239","R2",10,"S2",3,52.5660034296527,6
"240","R3",10,"S2",3,24.5540683221216,6
"241","R1",12,"S2",3,36.0835919102792,6.2
"242","R2",12,"S2",3,72.6718749997055,6.2
"243","R3",12,"S2",3,14.671377185575,6.2
"244","R1",14,"S2",3,35.3970174429581,6.4
"245","R2",14,"S2",3,56.8961929353008,6.4
"246","R3",14,"S2",3,25.2686861198565,6.4
"247","R1",16,"S2",3,175.852802454331,6.6
"248","R2",16,"S2",3,84.9569815491903,6.6
"249","R3",16,"S2",3,96.6086894043264,6.6
"250","R1",18,"S2",3,48.3558997490453,6.8
"251","R2",18,"S2",3,337.345434674041,6.8
"252","R3",18,"S2",3,581.767604818057,6.8
"253","R1",20,"S2",3,317.394705346902,7
"254","R2",20,"S2",3,52.9344523556754,7
"255","R3",20,"S2",3,172.084254095297,7
"256","R1",22,"S2",3,692.710414829119,7.2
"257","R2",22,"S2",3,380.086517546985,7.2
"258","R3",22,"S2",3,79.0044618297393,7.2
"259","R1",24,"S2",3,261.98271346738,7.4
"260","R2",24,"S2",3,104.955519258212,7.4
"261","R3",24,"S2",3,648.394245023995,7.4
"262","R1",26,"S2",3,1297.07729110465,7.6
"263","R2",26,"S2",3,127.833143396886,7.6
"264","R3",26,"S2",3,349.676057824059,7.6
"265","R1",6,"S3",3,82.7497671796633,5.6
"266","R2",6,"S3",3,151.952022098042,5.6
"267","R3",6,"S3",3,385.510104648501,5.6
"268","R1",8,"S3",3,478.042897183971,5.8
"269","R2",8,"S3",3,588.475874742915,5.8
"270","R3",8,"S3",3,4423.84845474854,5.8
"271","R1",10,"S3",3,4933.57215673786,6
"272","R2",10,"S3",3,4929.11613994884,6
"273","R3",10,"S3",3,2795.48969743981,6
"274","R1",12,"S3",3,9013.83827492863,6.2
"275","R2",12,"S3",3,18916.2393497911,6.2
"276","R3",12,"S3",3,64662.3563452933,6.2
"277","R1",14,"S3",3,147666.414893256,6.4
"278","R2",14,"S3",3,96290.4519803635,6.4
"279","R3",14,"S3",3,10284.3104076494,6.4
"280","R1",16,"S3",3,1709715.97765704,6.6
"281","R2",16,"S3",3,218577.125857855,6.6
"282","R3",16,"S3",3,76524.852070247,6.6
"283","R1",18,"S3",3,288415.51948236,6.8
"284","R2",18,"S3",3,2632294.79029833,6.8
"285","R3",18,"S3",3,795760.418259034,6.8
"286","R1",20,"S3",3,690903.378546,7
"287","R2",20,"S3",3,1167736.55699293,7
"288","R3",20,"S3",3,9864787.50457571,7
"289","R1",22,"S3",3,4613424.47056178,7.2
"290","R2",22,"S3",3,6008871.40083133,7.2
"291","R3",22,"S3",3,2805060.48799523,7.2
"292","R1",24,"S3",3,16761006.3240733,7.4
"293","R2",24,"S3",3,5594038.17254779,7.4
"294","R3",24,"S3",3,94176943.2741737,7.4
"295","R1",26,"S3",3,90713826.6624212,7.6
"296","R2",26,"S3",3,285952979.791841,7.6
"297","R3",26,"S3",3,91088430.678981,7.6
"298","R1",6,"S1",4,3.18859605386205,5.6
"299","R2",6,"S1",4,2.25645617806433,5.6
"300","R3",6,"S1",4,12.0029631945146,5.6
"301","R1",8,"S1",4,8.01075836348759,5.8
"302","R2",8,"S1",4,4.27409664234876,5.8
"303","R3",8,"S1",4,5.58337139964182,5.8
"304","R1",10,"S1",4,7.52024935464435,6
"305","R2",10,"S1",4,11.5759536301265,6
"306","R3",10,"S1",4,13.2663221265646,6
"307","R1",12,"S1",4,2.80570336903977,6.2
"308","R2",12,"S1",4,7.0738861521101,6.2
"309","R3",12,"S1",4,7.81569393617905,6.2
"310","R1",14,"S1",4,26.6733484883344,6.4
"311","R2",14,"S1",4,9.04448686212787,6.4
"312","R3",14,"S1",4,10.9556205502415,6.4
"313","R1",16,"S1",4,12.0353363768997,6.6
"314","R2",16,"S1",4,9.21569736630672,6.6
"315","R3",16,"S1",4,111.894147504307,6.6
"316","R1",18,"S1",4,14.3479048675218,6.8
"317","R2",18,"S1",4,49.4299370224177,6.8
"318","R3",18,"S1",4,13.2304268102993,6.8
"319","R1",20,"S1",4,94.8066440819752,7
"320","R2",20,"S1",4,32.3023807877683,7
"321","R3",20,"S1",4,241.945321418242,7
"322","R1",22,"S1",4,12.8523163237165,7.2
"323","R2",22,"S1",4,28.5048640464707,7.2
"324","R3",22,"S1",4,80.3215294531501,7.2
"325","R1",24,"S1",4,9.32865116600185,7.4
"326","R2",24,"S1",4,22.3255583900612,7.4
"327","R3",24,"S1",4,75.5260215809349,7.4
"328","R1",26,"S1",4,14.3258009911666,7.6
"329","R2",26,"S1",4,527.508137387068,7.6
"330","R3",26,"S1",4,32.6889632544484,7.6
"331","R1",6,"S2",4,18.5984629582835,5.6
"332","R2",6,"S2",4,4.87123916244095,5.6
"333","R3",6,"S2",4,4.18236541429548,5.6
"334","R1",8,"S2",4,17.6319683680472,5.8
"335","R2",8,"S2",4,70.7304418499698,5.8
"336","R3",8,"S2",4,20.6032069768522,5.8
"337","R1",10,"S2",4,6.45951853329636,6
"338","R2",10,"S2",4,14.2939950081004,6
"339","R3",10,"S2",4,13.0328014284663,6
"340","R1",12,"S2",4,9.05570526421321,6.2
"341","R2",12,"S2",4,27.6412937075468,6.2
"342","R3",12,"S2",4,35.2616235723623,6.2
"343","R1",14,"S2",4,7.69093076815903,6.4
"344","R2",14,"S2",4,235.164200920642,6.4
"345","R3",14,"S2",4,54.4714576446827,6.4
"346","R1",16,"S2",4,324.846505873829,6.6
"347","R2",16,"S2",4,373.591951693535,6.6
"348","R3",16,"S2",4,125.076610449896,6.6
"349","R1",18,"S2",4,462.598873786237,6.8
"350","R2",18,"S2",4,188.98944292714,6.8
"351","R3",18,"S2",4,87.796411154685,6.8
"352","R1",20,"S2",4,64.1336921993511,7
"353","R2",20,"S2",4,90.4034455539596,7
"354","R3",20,"S2",4,147.666972562261,7
"355","R1",22,"S2",4,352.292255417482,7.2
"356","R2",22,"S2",4,217.458309674144,7.2
"357","R3",22,"S2",4,457.689966224216,7.2
"358","R1",24,"S2",4,307.194858795819,7.4
"359","R2",24,"S2",4,928.907231611901,7.4
"360","R3",24,"S2",4,575.588505567781,7.4
"361","R1",26,"S2",4,3047.94300092295,7.6
"362","R2",26,"S2",4,174.599644388547,7.6
"363","R3",26,"S2",4,1569.86312683464,7.6
"364","R1",6,"S3",4,88.2652938532807,5.6
"365","R2",6,"S3",4,109.864892483474,5.6
"366","R3",6,"S3",4,578.369257334454,5.6
"367","R1",8,"S3",4,2286.34677986537,5.8
"368","R2",8,"S3",4,138.901589858492,5.8
"369","R3",8,"S3",4,776.360894671457,5.8
"370","R1",10,"S3",4,4160.83398261583,6
"371","R2",10,"S3",4,1823.06725835517,6
"372","R3",10,"S3",4,14006.9465205864,6
"373","R1",12,"S3",4,11862.3808619837,6.2
"374","R2",12,"S3",4,56138.0573707145,6.2
"375","R3",12,"S3",4,121163.265640283,6.2
"376","R1",14,"S3",4,52557.5599132979,6.4
"377","R2",14,"S3",4,91346.8760876767,6.4
"378","R3",14,"S3",4,53639.7739455515,6.4
"379","R1",16,"S3",4,245940.272096876,6.6
"380","R2",16,"S3",4,85745.0084026574,6.6
"381","R3",16,"S3",4,88862.2400863742,6.6
"382","R1",18,"S3",4,205442.430450205,6.8
"383","R2",18,"S3",4,1510278.16182781,6.8
"384","R3",18,"S3",4,259123.321445092,6.8
"385","R1",20,"S3",4,1127086.88410403,7
"386","R2",20,"S3",4,6497720.51398266,7
"387","R3",20,"S3",4,6946603.21073585,7
"388","R1",22,"S3",4,8842531.24352208,7.2
"389","R2",22,"S3",4,30500979.0149213,7.2
"390","R3",22,"S3",4,1610628.00910352,7.2
"391","R1",24,"S3",4,25328704.0546985,7.4
"392","R2",24,"S3",4,1903441.89550523,7.4
"393","R3",24,"S3",4,15439599.1379183,7.4
"394","R1",26,"S3",4,888816694.11394,7.6
"395","R2",26,"S3",4,55284211.8592027,7.6
"396","R3",26,"S3",4,16271847.676288,7.6
"397","R1",6,"S1",5,4.66721452900509,5.6
"398","R2",6,"S1",5,27.1391191655404,5.6
"399","R3",6,"S1",5,12.9017644988439,5.6
"400","R1",8,"S1",5,14.2719752326899,5.8
"401","R2",8,"S1",5,11.9664293505625,5.8
"402","R3",8,"S1",5,27.0841733511163,5.8
"403","R1",10,"S1",5,32.7403630505004,6
"404","R2",10,"S1",5,20.5582418560057,6
"405","R3",10,"S1",5,34.9563099120588,6
"406","R1",12,"S1",5,20.4783384072958,6.2
"407","R2",12,"S1",5,3.25894361359417,6.2
"408","R3",12,"S1",5,78.4821130786823,6.2
"409","R1",14,"S1",5,8.89200914393541,6.4
"410","R2",14,"S1",5,36.2820264835081,6.4
"411","R3",14,"S1",5,37.682561800777,6.4
"412","R1",16,"S1",5,15.0510313118698,6.6
"413","R2",16,"S1",5,22.6135564132775,6.6
"414","R3",16,"S1",5,165.162721930871,6.6
"415","R1",18,"S1",5,15.2746825856093,6.8
"416","R2",18,"S1",5,24.3656798845004,6.8
"417","R3",18,"S1",5,87.064906992714,6.8
"418","R1",20,"S1",5,117.864542256089,7
"419","R2",20,"S1",5,16.8531965419935,7
"420","R3",20,"S1",5,7.07036142135415,7
"421","R1",22,"S1",5,9.13350701684059,7.2
"422","R2",22,"S1",5,21.0425989535563,7.2
"423","R3",22,"S1",5,39.2617904839012,7.2
"424","R1",24,"S1",5,85.5728794759533,7.4
"425","R2",24,"S1",5,5.25299079016198,7.4
"426","R3",24,"S1",5,45.9710397772571,7.4
"427","R1",26,"S1",5,71.3061235649545,7.6
"428","R2",26,"S1",5,103.389792886276,7.6
"429","R3",26,"S1",5,13.949792933234,7.6
"430","R1",6,"S2",5,5.5809940925677,5.6
"431","R2",6,"S2",5,24.639484628235,5.6
"432","R3",6,"S2",5,10.3586029253702,5.6
"433","R1",8,"S2",5,30.5639957249818,5.8
"434","R2",8,"S2",5,75.0941689287567,5.8
"435","R3",8,"S2",5,23.9809003719688,5.8
"436","R1",10,"S2",5,24.8177853156634,6
"437","R2",10,"S2",5,3.70625968721791,6
"438","R3",10,"S2",5,44.8497021193252,6
"439","R1",12,"S2",5,41.049825691563,6.2
"440","R2",12,"S2",5,43.2372113183374,6.2
"441","R3",12,"S2",5,38.1388796167798,6.2
"442","R1",14,"S2",5,180.238086479,6.4
"443","R2",14,"S2",5,32.9280230425466,6.4
"444","R3",14,"S2",5,48.968780903064,6.4
"445","R1",16,"S2",5,113.670037553828,6.6
"446","R2",16,"S2",5,43.4361548478995,6.6
"447","R3",16,"S2",5,90.4191805315212,6.6
"448","R1",18,"S2",5,45.8901185394919,6.8
"449","R2",18,"S2",5,185.636001026241,6.8
"450","R3",18,"S2",5,55.1690084005101,6.8
"451","R1",20,"S2",5,468.39432540102,7
"452","R2",20,"S2",5,12.3444970585316,7
"453","R3",20,"S2",5,1544.74443850148,7
"454","R1",22,"S2",5,125.518166576598,7.2
"455","R2",22,"S2",5,115.640850252047,7.2
"456","R3",22,"S2",5,114.692144950764,7.2
"457","R1",24,"S2",5,216.742142863815,7.4
"458","R2",24,"S2",5,145.33288046084,7.4
"459","R3",24,"S2",5,476.502583459743,7.4
"460","R1",26,"S2",5,111.258660550984,7.6
"461","R2",26,"S2",5,52.2121599790113,7.6
"462","R3",26,"S2",5,206.877240958603,7.6
"463","R1",6,"S3",5,342.017443623678,5.6
"464","R2",6,"S3",5,230.415905304954,5.6
"465","R3",6,"S3",5,682.089540328419,5.6
"466","R1",8,"S3",5,3537.02360081206,5.8
"467","R2",8,"S3",5,246.411066993865,5.8
"468","R3",8,"S3",5,1026.11469700401,5.8
"469","R1",10,"S3",5,25818.9416251791,6
"470","R2",10,"S3",5,1364.53736333572,6
"471","R3",10,"S3",5,679.417356990534,6
"472","R1",12,"S3",5,16722.7875885087,6.2
"473","R2",12,"S3",5,27685.5269051036,6.2
"474","R3",12,"S3",5,25155.3766937173,6.2
"475","R1",14,"S3",5,8323.03740534222,6.4
"476","R2",14,"S3",5,66954.1201619505,6.4
"477","R3",14,"S3",5,218363.897940102,6.4
"478","R1",16,"S3",5,457229.180025119,6.6
"479","R2",16,"S3",5,341815.313837115,6.6
"480","R3",16,"S3",5,271302.048521129,6.6
"481","R1",18,"S3",5,987710.429326003,6.8
"482","R2",18,"S3",5,2795742.26923664,6.8
"483","R3",18,"S3",5,1167351.18084717,6.8
"484","R1",20,"S3",5,1670659.45860095,7
"485","R2",20,"S3",5,2116282.45407434,7
"486","R3",20,"S3",5,18898520.2400298,7
"487","R1",22,"S3",5,14864318.3702386,7.2
"488","R2",22,"S3",5,12418942.1256278,7.2
"489","R3",22,"S3",5,5416068.85276245,7.2
"490","R1",24,"S3",5,16364183.422992,7.4
"491","R2",24,"S3",5,43264959.1668551,7.4
"492","R3",24,"S3",5,275437989.65646,7.4
"493","R1",26,"S3",5,104147322.098736,7.6
"494","R2",26,"S3",5,213388479.165657,7.6
"495","R3",26,"S3",5,256492112.810737,7.6
"496","R1",6,"S1",6,13.4513563162312,5.6
"497","R2",6,"S1",6,3.20753207656483,5.6
"498","R3",6,"S1",6,17.2607744008251,5.6
"499","R1",8,"S1",6,10.3357108576703,5.8
"500","R2",8,"S1",6,1.49649625058769,5.8
"501","R3",8,"S1",6,13.6059942695848,5.8
"502","R1",10,"S1",6,28.2868612333272,6
"503","R2",10,"S1",6,7.66718691526287,6
"504","R3",10,"S1",6,3.77799536655123,6
"505","R1",12,"S1",6,33.2774751400056,6.2
"506","R2",12,"S1",6,6.68057041367067,6.2
"507","R3",12,"S1",6,25.2800790186833,6.2
"508","R1",14,"S1",6,6.19292519443312,6.4
"509","R2",14,"S1",6,13.8561782548869,6.4
"510","R3",14,"S1",6,8.80421224720583,6.4
"511","R1",16,"S1",6,64.2649881290316,6.6
"512","R2",16,"S1",6,16.0729180707098,6.6
"513","R3",16,"S1",6,39.2047989956021,6.6
"514","R1",18,"S1",6,6.8497419358912,6.8
"515","R2",18,"S1",6,13.4589439882964,6.8
"516","R3",18,"S1",6,23.6338996811174,6.8
"517","R1",20,"S1",6,31.2135157112591,7
"518","R2",20,"S1",6,276.734910657305,7
"519","R3",20,"S1",6,8.15447457848298,7
"520","R1",22,"S1",6,41.9031167075831,7.2
"521","R2",22,"S1",6,10.635840941712,7.2
"522","R3",22,"S1",6,6.1189352628949,7.2
"523","R1",24,"S1",6,27.5229229627625,7.4
"524","R2",24,"S1",6,5.37748661474844,7.4
"525","R3",24,"S1",6,17.2195292388807,7.4
"526","R1",26,"S1",6,32.239116730303,7.6
"527","R2",26,"S1",6,26.6236949512236,7.6
"528","R3",26,"S1",6,27.3677478461023,7.6
"529","R1",6,"S2",6,3.59664294644986,5.6
"530","R2",6,"S2",6,12.6585014155375,5.6
"531","R3",6,"S2",6,82.2421590137499,5.6
"532","R1",8,"S2",6,7.10509614244359,5.8
"533","R2",8,"S2",6,3.57789022906073,5.8
"534","R3",8,"S2",6,20.3764230258163,5.8
"535","R1",10,"S2",6,6.66827166009615,6
"536","R2",10,"S2",6,51.6998347807061,6
"537","R3",10,"S2",6,3.76587553518358,6
"538","R1",12,"S2",6,28.7171482958426,6.2
"539","R2",12,"S2",6,69.3021679226347,6.2
"540","R3",12,"S2",6,50.8490492965905,6.2
"541","R1",14,"S2",6,189.047339799128,6.4
"542","R2",14,"S2",6,34.8157851923643,6.4
"543","R3",14,"S2",6,26.4632228050452,6.4
"544","R1",16,"S2",6,27.481347327588,6.6
"545","R2",16,"S2",6,194.170108079435,6.6
"546","R3",16,"S2",6,201.254809558648,6.6
"547","R1",18,"S2",6,111.580128913894,6.8
"548","R2",18,"S2",6,71.651569664504,6.8
"549","R3",18,"S2",6,113.114697135265,6.8
"550","R1",20,"S2",6,89.0233108671946,7
"551","R2",20,"S2",6,1796.19030542652,7
"552","R3",20,"S2",6,248.164553539871,7
"553","R1",22,"S2",6,925.756325107674,7.2
"554","R2",22,"S2",6,665.242355720696,7.2
"555","R3",22,"S2",6,130.263726719049,7.2
"556","R1",24,"S2",6,310.317180020778,7.4
"557","R2",24,"S2",6,792.166686029229,7.4
"558","R3",24,"S2",6,147.200104456453,7.4
"559","R1",26,"S2",6,318.408598050974,7.6
"560","R2",26,"S2",6,2532.91007283917,7.6
"561","R3",26,"S2",6,749.724822466759,7.6
"562","R1",6,"S3",6,1267.87855068863,5.6
"563","R2",6,"S3",6,172.067611097791,5.6
"564","R3",6,"S3",6,146.971244553126,5.6
"565","R1",8,"S3",6,2515.41560714419,5.8
"566","R2",8,"S3",6,1513.26530675748,5.8
"567","R3",8,"S3",6,10460.7515687763,5.8
"568","R1",10,"S3",6,2660.00211533141,6
"569","R2",10,"S3",6,1224.00798096935,6
"570","R3",10,"S3",6,3434.33237473525,6
"571","R1",12,"S3",6,20966.0371910491,6.2
"572","R2",12,"S3",6,4849.95475913512,6.2
"573","R3",12,"S3",6,11293.4775937658,6.2
"574","R1",14,"S3",6,37998.0959956381,6.4
"575","R2",14,"S3",6,118514.090626158,6.4
"576","R3",14,"S3",6,63559.7038048956,6.4
"577","R1",16,"S3",6,111399.624564719,6.6
"578","R2",16,"S3",6,230907.709114157,6.6
"579","R3",16,"S3",6,920581.919230169,6.6
"580","R1",18,"S3",6,1979140.18461133,6.8
"581","R2",18,"S3",6,1403832.85549843,6.8
"582","R3",18,"S3",6,294452.592122149,6.8
"583","R1",20,"S3",6,19329476.0423213,7
"584","R2",20,"S3",6,1189674.53471069,7
"585","R3",20,"S3",6,2983495.56527405,7
"586","R1",22,"S3",6,3755082.62350181,7.2
"587","R2",22,"S3",6,6125758.65582906,7.2
"588","R3",22,"S3",6,12667796.9026717,7.2
"589","R1",24,"S3",6,49620454.2771794,7.4
"590","R2",24,"S3",6,60528190.7316225,7.4
"591","R3",24,"S3",6,98149299.0827305,7.4
"592","R1",26,"S3",6,101068928.535972,7.6
"593","R2",26,"S3",6,126603139.02221,7.6
"594","R3",26,"S3",6,772017422.388997,7.6
"595","R1",6,"S1",7,4.35536965866423,5.6
"596","R2",6,"S1",7,4.24009058636331,5.6
"597","R3",6,"S1",7,6.28123451490814,5.6
"598","R1",8,"S1",7,6.6740978423587,5.8
"599","R2",8,"S1",7,10.7523404979759,5.8
"600","R3",8,"S1",7,18.0913737970036,5.8
"601","R1",10,"S1",7,1.96187860258343,6
"602","R2",10,"S1",7,3.72570560245959,6
"603","R3",10,"S1",7,11.3157759465445,6
"604","R1",12,"S1",7,5.56910610774468,6.2
"605","R2",12,"S1",7,4.35880610621982,6.2
"606","R3",12,"S1",7,4.0849474881929,6.2
"607","R1",14,"S1",7,16.4083814157187,6.4
"608","R2",14,"S1",7,8.26705497412178,6.4
"609","R3",14,"S1",7,2.7032675084027,6.4
"610","R1",16,"S1",7,37.5950016081708,6.6
"611","R2",16,"S1",7,7.34513612236873,6.6
"612","R3",16,"S1",7,106.345419742503,6.6
"613","R1",18,"S1",7,13.6428559907015,6.8
"614","R2",18,"S1",7,140.376113373771,6.8
"615","R3",18,"S1",7,24.2649138451127,6.8
"616","R1",20,"S1",7,1.39900121549987,7
"617","R2",20,"S1",7,6.75485012128698,7
"618","R3",20,"S1",7,68.242678614507,7
"619","R1",22,"S1",7,56.6165975245716,7.2
"620","R2",22,"S1",7,64.561964671285,7.2
"621","R3",22,"S1",7,58.0360174362525,7.2
"622","R1",24,"S1",7,37.9557570570257,7.4
"623","R2",24,"S1",7,36.0303647797662,7.4
"624","R3",24,"S1",7,12.3557762193266,7.4
"625","R1",26,"S1",7,17.1323079901843,7.6
"626","R2",26,"S1",7,11.5111443958752,7.6
"627","R3",26,"S1",7,21.7794986018626,7.6
"628","R1",6,"S2",7,7.14522981769571,5.6
"629","R2",6,"S2",7,8.34211910737299,5.6
"630","R3",6,"S2",7,11.6187010068,5.6
"631","R1",8,"S2",7,32.5219844800214,5.8
"632","R2",8,"S2",7,96.0112354958472,5.8
"633","R3",8,"S2",7,7.79321556954668,5.8
"634","R1",10,"S2",7,14.7992629594868,6
"635","R2",10,"S2",7,134.210223627647,6
"636","R3",10,"S2",7,9.43869346655225,6
"637","R1",12,"S2",7,4.48131198335667,6.2
"638","R2",12,"S2",7,90.618987978859,6.2
"639","R3",12,"S2",7,67.9731790530804,6.2
"640","R1",14,"S2",7,97.1546834131881,6.4
"641","R2",14,"S2",7,99.8426654731573,6.4
"642","R3",14,"S2",7,792.910693268706,6.4
"643","R1",16,"S2",7,89.2825132989116,6.6
"644","R2",16,"S2",7,71.8441776096524,6.6
"645","R3",16,"S2",7,162.328182891138,6.6
"646","R1",18,"S2",7,42.0400513141628,6.8
"647","R2",18,"S2",7,239.990370360861,6.8
"648","R3",18,"S2",7,34.2581112343057,6.8
"649","R1",20,"S2",7,183.227579723144,7
"650","R2",20,"S2",7,106.050754271526,7
"651","R3",20,"S2",7,188.140780421825,7
"652","R1",22,"S2",7,105.348607097679,7.2
"653","R2",22,"S2",7,414.553295307566,7.2
"654","R3",22,"S2",7,129.889530004567,7.2
"655","R1",24,"S2",7,161.676603257468,7.4
"656","R2",24,"S2",7,133.823099446233,7.4
"657","R3",24,"S2",7,306.150042691932,7.4
"658","R1",26,"S2",7,1687.9821285884,7.6
"659","R2",26,"S2",7,484.008561429888,7.6
"660","R3",26,"S2",7,2063.72432298102,7.6
"661","R1",6,"S3",7,150.426421380679,5.6
"662","R2",6,"S3",7,200.888062115257,5.6
"663","R3",6,"S3",7,134.805353295148,5.6
"664","R1",8,"S3",7,426.135861037491,5.8
"665","R2",8,"S3",7,4012.4457451497,5.8
"666","R3",8,"S3",7,149.145638440897,5.8
"667","R1",10,"S3",7,1359.97466044434,6
"668","R2",10,"S3",7,1911.17694552855,6
"669","R3",10,"S3",7,10370.7288471928,6
"670","R1",12,"S3",7,48433.9518150585,6.2
"671","R2",12,"S3",7,28039.3887332493,6.2
"672","R3",12,"S3",7,49937.6068187745,6.2
"673","R1",14,"S3",7,92135.6687269686,6.4
"674","R2",14,"S3",7,53506.3714585594,6.4
"675","R3",14,"S3",7,219812.8923549,6.4
"676","R1",16,"S3",7,629382.640685598,6.6
"677","R2",16,"S3",7,587983.374484345,6.6
"678","R3",16,"S3",7,133716.258277791,6.6
"679","R1",18,"S3",7,434011.847266504,6.8
"680","R2",18,"S3",7,789801.26309007,6.8
"681","R3",18,"S3",7,683750.154590226,6.8
"682","R1",20,"S3",7,10530890.3782197,7
"683","R2",20,"S3",7,3323780.72215036,7
"684","R3",20,"S3",7,14452636.2049919,7
"685","R1",22,"S3",7,34258076.0805864,7.2
"686","R2",22,"S3",7,23115720.4134123,7.2
"687","R3",22,"S3",7,10184975.2445318,7.2
"688","R1",24,"S3",7,34140742.8156157,7.4
"689","R2",24,"S3",7,53619736.9715226,7.4
"690","R3",24,"S3",7,43558013.4835634,7.4
"691","R1",26,"S3",7,18686510.4731334,7.6
"692","R2",26,"S3",7,56196664.5495082,7.6
"693","R3",26,"S3",7,77041928.6798515,7.6
"694","R1",6,"S1",8,6.50079165595357,5.6
"695","R2",6,"S1",8,0.886003303533983,5.6
"696","R3",6,"S1",8,1.84856364668656,5.6
"697","R1",8,"S1",8,2.65052099237323,5.8
"698","R2",8,"S1",8,6.25805789278424,5.8
"699","R3",8,"S1",8,8.07867633631866,5.8
"700","R1",10,"S1",8,21.2924614507653,6
"701","R2",10,"S1",8,9.64459682717227,6
"702","R3",10,"S1",8,30.044371566281,6
"703","R1",12,"S1",8,6.978613102904,6.2
"704","R2",12,"S1",8,26.2077363009361,6.2
"705","R3",12,"S1",8,1.88219090168468,6.2
"706","R1",14,"S1",8,13.0125658571483,6.4
"707","R2",14,"S1",8,82.3028466899436,6.4
"708","R3",14,"S1",8,42.6069418142371,6.4
"709","R1",16,"S1",8,11.8709066797817,6.6
"710","R2",16,"S1",8,177.642017954741,6.6
"711","R3",16,"S1",8,13.9472870316595,6.6
"712","R1",18,"S1",8,13.0414484118113,6.8
"713","R2",18,"S1",8,23.340029856464,6.8
"714","R3",18,"S1",8,49.4409361485998,6.8
"715","R1",20,"S1",8,75.132089895319,7
"716","R2",20,"S1",8,117.825814234479,7
"717","R3",20,"S1",8,6.92527066830201,7
"718","R1",22,"S1",8,20.5690618978759,7.2
"719","R2",22,"S1",8,47.7065800102316,7.2
"720","R3",22,"S1",8,25.1745654847354,7.2
"721","R1",24,"S1",8,23.5456582362523,7.4
"722","R2",24,"S1",8,67.3206945331977,7.4
"723","R3",24,"S1",8,13.6345240406362,7.4
"724","R1",26,"S1",8,262.606608870243,7.6
"725","R2",26,"S1",8,63.7822672917199,7.6
"726","R3",26,"S1",8,93.666246314288,7.6
"727","R1",6,"S2",8,5.70924186167974,5.6
"728","R2",6,"S2",8,54.3305269177572,5.6
"729","R3",6,"S2",8,3.48067781256639,5.6
"730","R1",8,"S2",8,0.886111738357697,5.8
"731","R2",8,"S2",8,33.0878224627313,5.8
"732","R3",8,"S2",8,89.334218046342,5.8
"733","R1",10,"S2",8,63.3450243701811,6
"734","R2",10,"S2",8,12.0918348065965,6
"735","R3",10,"S2",8,55.2167953504733,6
"736","R1",12,"S2",8,57.6538914560837,6.2
"737","R2",12,"S2",8,62.8902562890233,6.2
"738","R3",12,"S2",8,21.8292438591161,6.2
"739","R1",14,"S2",8,104.68550608495,6.4
"740","R2",14,"S2",8,80.8402920212236,6.4
"741","R3",14,"S2",8,48.3017986407804,6.4
"742","R1",16,"S2",8,91.263228710528,6.6
"743","R2",16,"S2",8,27.2549533936272,6.6
"744","R3",16,"S2",8,22.9757490855418,6.6
"745","R1",18,"S2",8,252.912600879294,6.8
"746","R2",18,"S2",8,44.8675861723984,6.8
"747","R3",18,"S2",8,25.3464516760363,6.8
"748","R1",20,"S2",8,118.478438536825,7
"749","R2",20,"S2",8,67.6218256314423,7
"750","R3",20,"S2",8,77.7907724614292,7
"751","R1",22,"S2",8,1890.33425534877,7.2
"752","R2",22,"S2",8,122.694862981257,7.2
"753","R3",22,"S2",8,748.924140878254,7.2
"754","R1",24,"S2",8,157.088196695549,7.4
"755","R2",24,"S2",8,233.761927329268,7.4
"756","R3",24,"S2",8,177.481640796319,7.4
"757","R1",26,"S2",8,839.903541388415,7.6
"758","R2",26,"S2",8,1337.17240420466,7.6
"759","R3",26,"S2",8,16.5205163997332,7.6
"760","R1",6,"S3",8,988.454547717463,5.6
"761","R2",6,"S3",8,510.786731157111,5.6
"762","R3",6,"S3",8,287.365219854036,5.6
"763","R1",8,"S3",8,3447.33573424519,5.8
"764","R2",8,"S3",8,453.527115980322,5.8
"765","R3",8,"S3",8,2351.71791185875,5.8
"766","R1",10,"S3",8,7592.85692932947,6
"767","R2",10,"S3",8,12264.5396406258,6
"768","R3",10,"S3",8,1340.88112982907,6
"769","R1",12,"S3",8,10120.8677968696,6.2
"770","R2",12,"S3",8,11599.2429951863,6.2
"771","R3",12,"S3",8,14109.6575784652,6.2
"772","R1",14,"S3",8,263969.43485486,6.4
"773","R2",14,"S3",8,415957.291823624,6.4
"774","R3",14,"S3",8,72035.463759233,6.4
"775","R1",16,"S3",8,228795.105933388,6.6
"776","R2",16,"S3",8,175608.254633676,6.6
"777","R3",16,"S3",8,472188.134753157,6.6
"778","R1",18,"S3",8,113296.561360153,6.8
"779","R2",18,"S3",8,2035953.99525273,6.8
"780","R3",18,"S3",8,133812.845727627,6.8
"781","R1",20,"S3",8,4714266.23419854,7
"782","R2",20,"S3",8,1445584.70207656,7
"783","R3",20,"S3",8,1797796.02830373,7
"784","R1",22,"S3",8,8659829.00396418,7.2
"785","R2",22,"S3",8,7506141.69170544,7.2
"786","R3",22,"S3",8,10888843.1569121,7.2
"787","R1",24,"S3",8,29365504.3439143,7.4
"788","R2",24,"S3",8,61911110.6782698,7.4
"789","R3",24,"S3",8,27878315.0380934,7.4
"790","R1",26,"S3",8,212135821.889719,7.6
"791","R2",26,"S3",8,231899891.523459,7.6
"792","R3",26,"S3",8,23636341.4438614,7.6
"793","R1",6,"S1",9,31.3352936432342,5.6
"794","R2",6,"S1",9,2.14695458011312,5.6
"795","R3",6,"S1",9,2.89697038594395,5.6
"796","R1",8,"S1",9,18.8089165465421,5.8
"797","R2",8,"S1",9,18.9285912322487,5.8
"798","R3",8,"S1",9,7.98341179158783,5.8
"799","R1",10,"S1",9,11.7113519992042,6
"800","R2",10,"S1",9,9.83023531450084,6
"801","R3",10,"S1",9,13.5570078727294,6
"802","R1",12,"S1",9,7.43301492796847,6.2
"803","R2",12,"S1",9,7.76465558065336,6.2
"804","R3",12,"S1",9,16.1572751481391,6.2
"805","R1",14,"S1",9,10.4596234169896,6.4
"806","R2",14,"S1",9,6.07897235536028,6.4
"807","R3",14,"S1",9,5.89820835869343,6.4
"808","R1",16,"S1",9,41.5382517646481,6.6
"809","R2",16,"S1",9,6.18809698302284,6.6
"810","R3",16,"S1",9,37.6715018916451,6.6
"811","R1",18,"S1",9,20.7839040318132,6.8
"812","R2",18,"S1",9,106.024559345359,6.8
"813","R3",18,"S1",9,21.3998115859741,6.8
"814","R1",20,"S1",9,159.690692713685,7
"815","R2",20,"S1",9,23.0800371236089,7
"816","R3",20,"S1",9,23.8121727590175,7
"817","R1",22,"S1",9,10.2775340972161,7.2
"818","R2",22,"S1",9,17.195223390383,7.2
"819","R3",22,"S1",9,6.7126206340843,7.2
"820","R1",24,"S1",9,15.560038204495,7.4
"821","R2",24,"S1",9,43.8088891952239,7.4
"822","R3",24,"S1",9,9.42978968835254,7.4
"823","R1",26,"S1",9,42.7096840029022,7.6
"824","R2",26,"S1",9,59.8237143435575,7.6
"825","R3",26,"S1",9,16.0766688999054,7.6
"826","R1",6,"S2",9,3.94562782143495,5.6
"827","R2",6,"S2",9,8.20485490547197,5.6
"828","R3",6,"S2",9,3.47343907340931,5.6
"829","R1",8,"S2",9,5.10092458553468,5.8
"830","R2",8,"S2",9,5.91389110386276,5.8
"831","R3",8,"S2",9,68.1755415592212,5.8
"832","R1",10,"S2",9,35.637660343396,6
"833","R2",10,"S2",9,50.1915483804527,6
"834","R3",10,"S2",9,27.8743507455653,6
"835","R1",12,"S2",9,33.8647140918763,6.2
"836","R2",12,"S2",9,25.1806358108119,6.2
"837","R3",12,"S2",9,88.312345974965,6.2
"838","R1",14,"S2",9,122.716123199332,6.4
"839","R2",14,"S2",9,132.213368081407,6.4
"840","R3",14,"S2",9,62.4139931817791,6.4
"841","R1",16,"S2",9,13.1791758252244,6.6
"842","R2",16,"S2",9,101.18299978963,6.6
"843","R3",16,"S2",9,21.611922220809,6.6
"844","R1",18,"S2",9,46.8537234249228,6.8
"845","R2",18,"S2",9,64.0556092695118,6.8
"846","R3",18,"S2",9,95.087837411984,6.8
"847","R1",20,"S2",9,101.946382873227,7
"848","R2",20,"S2",9,314.6786988427,7
"849","R3",20,"S2",9,252.840136421865,7
"850","R1",22,"S2",9,132.010624340232,7.2
"851","R2",22,"S2",9,130.37604805194,7.2
"852","R3",22,"S2",9,220.039437129795,7.2
"853","R1",24,"S2",9,198.527201480677,7.4
"854","R2",24,"S2",9,177.9188200179,7.4
"855","R3",24,"S2",9,190.202314707556,7.4
"856","R1",26,"S2",9,845.377679774807,7.6
"857","R2",26,"S2",9,414.255636307676,7.6
"858","R3",26,"S2",9,257.465427006568,7.6
"859","R1",6,"S3",9,392.78765816947,5.6
"860","R2",6,"S3",9,425.674495978579,5.6
"861","R3",6,"S3",9,354.158370928301,5.6
"862","R1",8,"S3",9,1036.50778814371,5.8
"863","R2",8,"S3",9,415.074354704721,5.8
"864","R3",8,"S3",9,1432.58177655595,5.8
"865","R1",10,"S3",9,5017.71908884781,6
"866","R2",10,"S3",9,22551.6797932176,6
"867","R3",10,"S3",9,510.0039649187,6
"868","R1",12,"S3",9,18344.5835028358,6.2
"869","R2",12,"S3",9,3682.23722580522,6.2
"870","R3",12,"S3",9,1914.00007030907,6.2
"871","R1",14,"S3",9,98750.1911587054,6.4
"872","R2",14,"S3",9,44584.4869862908,6.4
"873","R3",14,"S3",9,8322.5908935741,6.4
"874","R1",16,"S3",9,454518.890664733,6.6
"875","R2",16,"S3",9,730831.661762895,6.6
"876","R3",16,"S3",9,10707.4843534331,6.6
"877","R1",18,"S3",9,300639.025690042,6.8
"878","R2",18,"S3",9,1818979.24896315,6.8
"879","R3",18,"S3",9,1640701.46966532,6.8
"880","R1",20,"S3",9,4236171.40400925,7
"881","R2",20,"S3",9,7637556.39647393,7
"882","R3",20,"S3",9,5724937.88439788,7
"883","R1",22,"S3",9,22632801.0879251,7.2
"884","R2",22,"S3",9,10007482.0633477,7.2
"885","R3",22,"S3",9,30244054.4585703,7.2
"886","R1",24,"S3",9,21291977.5612264,7.4
"887","R2",24,"S3",9,82356346.5935484,7.4
"888","R3",24,"S3",9,16185730.0936576,7.4
"889","R1",26,"S3",9,371447074.568454,7.6
"890","R2",26,"S3",9,1334846910.33515,7.6
"891","R3",26,"S3",9,129851994.795616,7.6
"892","R1",6,"S1",10,1.06851290283101,5.6
"893","R2",6,"S1",10,20.9448308207532,5.6
"894","R3",6,"S1",10,20.5019983223546,5.6
"895","R1",8,"S1",10,9.47675975218523,5.8
"896","R2",8,"S1",10,6.4668606170307,5.8
"897","R3",8,"S1",10,38.5498784459371,5.8
"898","R1",10,"S1",10,5.8019124840954,6
"899","R2",10,"S1",10,3.43374838519308,6
"900","R3",10,"S1",10,20.292665399371,6
"901","R1",12,"S1",10,17.2903842344004,6.2
"902","R2",12,"S1",10,16.5892064843747,6.2
"903","R3",12,"S1",10,15.7860713400919,6.2
"904","R1",14,"S1",10,175.000139520598,6.4
"905","R2",14,"S1",10,4.42539585498324,6.4
"906","R3",14,"S1",10,21.8378339660478,6.4
"907","R1",16,"S1",10,7.09099321807963,6.6
"908","R2",16,"S1",10,12.1916023335941,6.6
"909","R3",16,"S1",10,29.7822228335638,6.6
"910","R1",18,"S1",10,19.5806883632926,6.8
"911","R2",18,"S1",10,5.18919646746486,6.8
"912","R3",18,"S1",10,9.53657267464325,6.8
"913","R1",20,"S1",10,4.57336830424634,7
"914","R2",20,"S1",10,65.9862817123395,7
"915","R3",20,"S1",10,5.71534845245399,7
"916","R1",22,"S1",10,76.3860348989993,7.2
"917","R2",22,"S1",10,9.02806640664696,7.2
"918","R3",22,"S1",10,35.6952453347874,7.2
"919","R1",24,"S1",10,10.2016447950083,7.4
"920","R2",24,"S1",10,79.8806968819297,7.4
"921","R3",24,"S1",10,6.40492328711561,7.4
"922","R1",26,"S1",10,21.442675683609,7.6
"923","R2",26,"S1",10,2.83246106598451,7.6
"924","R3",26,"S1",10,25.1964782606624,7.6
"925","R1",6,"S2",10,4.44894087345496,5.6
"926","R2",6,"S2",10,12.5977857566581,5.6
"927","R3",6,"S2",10,26.8680602104655,5.6
"928","R1",8,"S2",10,49.7611537904482,5.8
"929","R2",8,"S2",10,50.1461027351785,5.8
"930","R3",8,"S2",10,4.41150624781899,5.8
"931","R1",10,"S2",10,50.0116968283946,6
"932","R2",10,"S2",10,46.6653751625696,6
"933","R3",10,"S2",10,48.3173924132479,6
"934","R1",12,"S2",10,7.25265823639948,6.2
"935","R2",12,"S2",10,35.8239756205572,6.2
"936","R3",12,"S2",10,43.606180609521,6.2
"937","R1",14,"S2",10,36.4331124365179,6.4
"938","R2",14,"S2",10,185.891534681879,6.4
"939","R3",14,"S2",10,41.8875351534447,6.4
"940","R1",16,"S2",10,38.4558112682618,6.6
"941","R2",16,"S2",10,2.86601381777538,6.6
"942","R3",16,"S2",10,50.396395799816,6.6
"943","R1",18,"S2",10,122.096232883549,6.8
"944","R2",18,"S2",10,166.069105148857,6.8
"945","R3",18,"S2",10,109.203263529438,6.8
"946","R1",20,"S2",10,73.9821523085416,7
"947","R2",20,"S2",10,80.6942550221166,7
"948","R3",20,"S2",10,88.0474979822199,7
"949","R1",22,"S2",10,112.324016270309,7.2
"950","R2",22,"S2",10,366.22034810227,7.2
"951","R3",22,"S2",10,95.9366970739223,7.2
"952","R1",24,"S2",10,383.600271477079,7.4
"953","R2",24,"S2",10,194.044894403724,7.4
"954","R3",24,"S2",10,426.036534346592,7.4
"955","R1",26,"S2",10,517.612410136563,7.6
"956","R2",26,"S2",10,1573.46731353699,7.6
"957","R3",26,"S2",10,69.7760688216479,7.6
"958","R1",6,"S3",10,387.388208323654,5.6
"959","R2",6,"S3",10,209.779343335617,5.6
"960","R3",6,"S3",10,367.189716011443,5.6
"961","R1",8,"S3",10,495.981330736708,5.8
"962","R2",8,"S3",10,975.534746868993,5.8
"963","R3",8,"S3",10,303.445399888848,5.8
"964","R1",10,"S3",10,3148.74248186923,6
"965","R2",10,"S3",10,4933.77657468261,6
"966","R3",10,"S3",10,5001.30898345742,6
"967","R1",12,"S3",10,8661.07074885408,6.2
"968","R2",12,"S3",10,21964.6668598061,6.2
"969","R3",12,"S3",10,5213.30004308266,6.2
"970","R1",14,"S3",10,95702.7619862624,6.4
"971","R2",14,"S3",10,29687.1795122669,6.4
"972","R3",14,"S3",10,35606.7978176237,6.4
"973","R1",16,"S3",10,233790.077169255,6.6
"974","R2",16,"S3",10,167870.577683087,6.6
"975","R3",16,"S3",10,276936.775742866,6.6
"976","R1",18,"S3",10,253087.585242582,6.8
"977","R2",18,"S3",10,255605.457512078,6.8
"978","R3",18,"S3",10,1025637.32650365,6.8
"979","R1",20,"S3",10,11793394.0071013,7
"980","R2",20,"S3",10,2695474.97000864,7
"981","R3",20,"S3",10,18579890.0462748,7
"982","R1",22,"S3",10,5410419.63803821,7.2
"983","R2",22,"S3",10,14267823.2703979,7.2
"984","R3",22,"S3",10,7258639.04070209,7.2
"985","R1",24,"S3",10,20067565.8146201,7.4
"986","R2",24,"S3",10,102843698.299103,7.4
"987","R3",24,"S3",10,27445579.0797906,7.4
"988","R1",26,"S3",10,100928228.611414,7.6
"989","R2",26,"S3",10,275853763.49766,7.6
"990","R3",26,"S3",10,9636846127.85762,7.6
