"Easting","Northing","richness"
420000,1150000,38
430000,1150000,48
430000,1160000,32
430000,1170000,34
430000,1180000,33
440000,1140000,40
440000,1150000,37
440000,1160000,35
320000,1010000,47
320000,1020000,57
330000,1000000,61
330000,1010000,65
330000,1020000,63
340000,1000000,50
350000,1000000,57
100000,910000,31
100000,920000,30
100000,930000,57
110000,900000,37
110000,910000,28
110000,920000,48
110000,930000,48
120000,900000,24
120000,910000,49
120000,920000,47
120000,930000,53
120000,940000,55
130000,910000,44
130000,920000,53
130000,930000,30
130000,940000,44
140000,930000,75
140000,940000,47
140000,950000,46
150000,950000,34
200000,900000,53
200000,910000,61
210000,900000,62
210000,910000,63
210000,920000,65
210000,930000,79
220000,900000,52
220000,910000,75
220000,920000,59
220000,930000,70
220000,940000,68
220000,950000,61
220000,960000,59
230000,900000,80
230000,910000,71
230000,920000,35
230000,930000,42
230000,940000,52
230000,950000,70
230000,960000,63
240000,900000,77
240000,910000,51
240000,920000,46
240000,930000,25
240000,940000,72
240000,950000,70
250000,900000,77
250000,910000,75
250000,920000,58
250000,930000,79
250000,940000,59
250000,950000,97
250000,960000,69
260000,900000,81
260000,910000,46
260000,920000,33
260000,930000,71
260000,940000,79
260000,950000,78
270000,900000,80
270000,910000,76
270000,920000,29
270000,930000,56
270000,940000,78
270000,950000,79
280000,900000,81
280000,910000,62
280000,920000,97
280000,930000,69
280000,940000,71
280000,950000,80
280000,960000,87
290000,910000,83
290000,920000,60
290000,930000,35
290000,940000,46
290000,950000,48
290000,960000,93
300000,920000,65
300000,930000,82
300000,940000,64
300000,950000,80
300000,960000,85
310000,930000,64
310000,940000,57
310000,950000,71
310000,960000,76
320000,930000,77
320000,940000,60
320000,950000,84
320000,960000,75
320000,990000,55
330000,940000,81
330000,950000,84
330000,960000,48
70000,820000,66
70000,830000,59
80000,830000,34
80000,850000,39
80000,860000,43
80000,870000,57
100000,880000,56
100000,890000,55
110000,890000,44
120000,840000,54
120000,850000,72
130000,820000,67
130000,830000,64
130000,840000,49
130000,850000,68
140000,820000,68
140000,830000,55
140000,840000,70
140000,850000,60
140000,860000,51
150000,820000,61
150000,830000,57
160000,810000,73
160000,820000,66
170000,800000,55
170000,820000,54
170000,840000,80
170000,850000,42
170000,880000,47
180000,800000,41
180000,810000,65
180000,820000,99
180000,830000,74
180000,840000,51
180000,850000,65
180000,860000,23
180000,870000,65
180000,880000,77
190000,800000,40
190000,810000,64
190000,820000,77
190000,830000,67
190000,840000,63
190000,850000,52
190000,860000,64
190000,870000,60
190000,880000,46
200000,800000,41
200000,810000,46
200000,820000,38
200000,830000,21
200000,840000,59
200000,850000,62
200000,860000,76
200000,870000,27
200000,880000,54
200000,890000,50
210000,800000,76
210000,810000,35
210000,820000,71
210000,830000,33
210000,840000,25
210000,850000,68
210000,860000,35
210000,870000,49
210000,880000,70
210000,890000,70
220000,800000,85
220000,810000,63
220000,820000,79
220000,830000,66
220000,840000,39
220000,850000,70
220000,860000,78
220000,870000,48
220000,880000,42
220000,890000,49
230000,800000,90
230000,810000,71
230000,820000,85
230000,830000,92
230000,840000,63
230000,850000,73
230000,860000,62
230000,870000,44
230000,880000,19
230000,890000,64
240000,800000,58
240000,810000,82
240000,820000,91
240000,830000,88
240000,840000,74
240000,850000,102
240000,860000,88
240000,870000,62
240000,880000,71
240000,890000,77
250000,800000,32
250000,810000,83
250000,820000,98
250000,830000,93
250000,840000,96
250000,850000,96
250000,860000,85
250000,870000,62
250000,880000,66
250000,890000,89
260000,800000,37
260000,810000,26
260000,820000,105
260000,830000,95
260000,840000,93
260000,850000,90
260000,860000,84
260000,870000,88
260000,880000,83
260000,890000,87
270000,800000,90
270000,810000,48
270000,820000,80
270000,830000,78
270000,840000,79
270000,860000,77
270000,870000,93
270000,880000,93
270000,890000,95
280000,800000,107
280000,810000,82
280000,820000,80
280000,830000,64
280000,840000,78
280000,850000,96
280000,870000,83
290000,800000,78
290000,810000,98
290000,820000,79
290000,830000,85
290000,840000,89
290000,850000,95
300000,800000,39
300000,810000,89
300000,820000,84
300000,830000,83
300000,840000,88
300000,850000,99
310000,800000,48
310000,810000,67
310000,820000,68
310000,830000,91
310000,840000,86
310000,850000,88
310000,860000,71
320000,800000,47
320000,810000,38
320000,820000,69
320000,830000,65
320000,840000,90
320000,850000,85
320000,860000,93
330000,800000,54
330000,810000,77
330000,820000,79
330000,830000,78
330000,840000,72
330000,850000,86
330000,860000,77
340000,800000,79
340000,810000,90
340000,820000,66
340000,830000,56
340000,840000,67
340000,850000,76
340000,860000,82
350000,800000,88
350000,810000,60
350000,820000,40
350000,830000,41
350000,840000,62
350000,850000,62
350000,860000,67
360000,800000,57
360000,810000,69
360000,820000,53
360000,830000,41
360000,840000,58
360000,850000,76
360000,860000,75
370000,800000,76
370000,810000,64
370000,820000,56
370000,830000,61
370000,840000,52
370000,850000,55
380000,800000,64
380000,810000,81
380000,820000,44
380000,830000,84
380000,840000,60
380000,850000,46
380000,860000,56
390000,800000,59
390000,810000,76
390000,820000,66
390000,830000,59
390000,840000,51
390000,850000,67
390000,860000,53
400000,830000,64
400000,840000,62
400000,850000,87
130000,790000,50
140000,720000,86
140000,740000,78
140000,750000,92
140000,760000,66
150000,720000,75
150000,730000,74
150000,740000,88
150000,750000,85
150000,760000,78
160000,720000,77
160000,730000,73
160000,740000,73
160000,750000,62
160000,760000,81
170000,740000,68
170000,750000,68
170000,760000,76
170000,770000,53
170000,780000,57
170000,790000,53
180000,700000,70
180000,710000,78
180000,720000,90
180000,750000,63
180000,760000,84
180000,770000,46
180000,780000,54
180000,790000,47
190000,700000,61
190000,710000,64
190000,720000,43
190000,730000,86
190000,740000,88
190000,760000,71
190000,770000,69
190000,780000,63
190000,790000,44
200000,700000,75
200000,710000,70
200000,720000,58
200000,730000,26
200000,740000,63
200000,750000,27
200000,760000,76
200000,770000,67
200000,780000,44
200000,790000,56
210000,700000,77
210000,710000,62
210000,720000,58
210000,730000,41
210000,740000,29
210000,750000,57
210000,760000,55
210000,770000,92
210000,780000,83
210000,790000,66
220000,700000,63
220000,710000,52
220000,720000,57
220000,730000,68
220000,740000,70
220000,750000,8
220000,760000,43
220000,770000,55
220000,780000,83
220000,790000,70
230000,700000,81
230000,710000,75
230000,720000,60
230000,730000,73
230000,740000,82
230000,750000,46
230000,760000,45
230000,770000,52
230000,780000,72
230000,790000,53
240000,700000,76
240000,710000,76
240000,720000,46
240000,730000,68
240000,740000,59
240000,750000,78
240000,760000,55
240000,770000,30
240000,780000,80
240000,790000,49
250000,700000,83
250000,710000,93
250000,720000,69
250000,730000,94
250000,740000,73
250000,750000,85
250000,760000,51
250000,770000,55
250000,780000,56
250000,790000,75
260000,700000,67
260000,710000,49
260000,720000,69
260000,730000,75
260000,740000,74
260000,750000,85
260000,760000,53
260000,770000,53
260000,780000,66
260000,790000,88
270000,700000,90
270000,710000,91
270000,720000,99
270000,730000,53
270000,740000,84
270000,750000,87
270000,760000,82
270000,770000,54
270000,780000,36
270000,790000,95
280000,700000,105
280000,710000,108
280000,720000,95
280000,730000,87
280000,740000,95
280000,750000,96
280000,760000,88
280000,770000,58
280000,780000,23
280000,790000,64
290000,700000,86
290000,710000,90
290000,720000,86
290000,730000,88
290000,740000,82
290000,750000,95
290000,760000,99
290000,770000,45
290000,780000,25
290000,790000,23
300000,700000,97
300000,710000,96
300000,720000,90
300000,730000,99
300000,740000,104
300000,750000,76
300000,760000,94
300000,770000,58
300000,780000,66
300000,790000,40
310000,700000,96
310000,710000,79
310000,720000,83
310000,730000,85
310000,740000,96
310000,750000,76
310000,760000,95
310000,770000,57
310000,780000,35
310000,790000,58
320000,700000,84
320000,710000,89
320000,720000,69
320000,730000,75
320000,740000,88
320000,750000,95
320000,760000,77
320000,770000,65
320000,780000,37
320000,790000,61
330000,700000,86
330000,710000,87
330000,720000,72
330000,730000,79
330000,740000,81
330000,750000,107
330000,760000,98
330000,770000,84
330000,780000,44
330000,790000,71
340000,700000,89
340000,710000,91
340000,720000,96
340000,730000,64
340000,740000,73
340000,750000,87
340000,760000,82
340000,770000,69
340000,780000,51
340000,790000,84
350000,700000,77
350000,710000,73
350000,730000,90
350000,740000,84
350000,750000,86
350000,760000,62
350000,770000,73
350000,780000,37
350000,790000,102
360000,740000,71
360000,750000,93
360000,760000,95
360000,770000,77
360000,780000,78
360000,790000,77
370000,760000,75
370000,770000,39
370000,780000,59
370000,790000,55
380000,770000,57
380000,780000,58
380000,790000,62
120000,660000,95
130000,640000,80
130000,650000,84
130000,660000,90
130000,670000,56
140000,650000,78
140000,660000,83
140000,670000,67
150000,670000,79
150000,680000,50
160000,610000,80
160000,690000,53
170000,610000,73
170000,620000,89
170000,630000,93
170000,640000,81
170000,650000,86
170000,660000,71
170000,670000,77
170000,680000,90
180000,650000,80
180000,660000,91
180000,670000,72
180000,680000,87
180000,690000,96
190000,620000,71
190000,630000,70
190000,640000,62
190000,670000,89
190000,680000,86
190000,690000,79
200000,660000,75
200000,670000,89
200000,680000,80
200000,690000,79
210000,670000,75
210000,680000,85
210000,690000,81
220000,600000,66
220000,640000,58
220000,650000,51
220000,660000,68
220000,670000,89
220000,680000,91
220000,690000,85
230000,600000,79
230000,610000,68
230000,620000,83
230000,630000,74
230000,640000,71
230000,650000,97
230000,660000,91
230000,670000,95
230000,680000,93
230000,690000,80
240000,600000,93
240000,610000,98
240000,620000,72
240000,630000,58
240000,640000,66
240000,650000,85
240000,660000,92
240000,670000,105
240000,680000,109
240000,690000,91
250000,600000,35
250000,610000,79
250000,620000,71
250000,630000,70
250000,640000,70
250000,650000,89
250000,660000,84
250000,670000,101
250000,680000,97
250000,690000,79
260000,600000,57
260000,610000,90
260000,620000,76
260000,630000,86
260000,640000,85
260000,650000,100
260000,660000,88
260000,670000,90
260000,680000,89
260000,690000,83
270000,600000,68
270000,610000,83
270000,620000,77
270000,630000,82
270000,640000,81
270000,650000,95
270000,660000,90
270000,670000,100
270000,680000,78
270000,690000,83
280000,600000,70
280000,610000,75
280000,620000,76
280000,630000,102
280000,640000,90
280000,650000,89
280000,660000,87
280000,670000,70
280000,680000,57
280000,690000,97
290000,600000,68
290000,610000,77
290000,620000,82
290000,630000,93
290000,640000,101
290000,650000,82
290000,660000,87
290000,670000,84
290000,680000,70
290000,690000,86
300000,600000,94
300000,610000,67
300000,620000,78
300000,630000,83
300000,640000,90
300000,650000,89
300000,660000,101
300000,670000,94
300000,680000,78
300000,690000,71
310000,600000,79
310000,610000,51
310000,620000,80
310000,630000,90
310000,640000,91
310000,650000,91
310000,660000,112
310000,670000,90
310000,680000,79
310000,690000,95
320000,600000,74
320000,610000,72
320000,620000,79
320000,630000,86
320000,640000,98
320000,650000,109
320000,660000,91
320000,670000,87
320000,690000,80
330000,600000,85
330000,610000,91
330000,620000,85
330000,630000,91
330000,640000,83
330000,650000,103
330000,660000,86
340000,600000,65
340000,610000,74
340000,620000,101
340000,630000,94
340000,640000,92
340000,650000,88
340000,660000,81
340000,670000,88
350000,600000,69
350000,610000,80
350000,620000,84
350000,630000,89
350000,640000,88
350000,650000,86
350000,660000,94
350000,670000,86
350000,680000,84
360000,600000,85
360000,610000,85
360000,620000,86
360000,630000,84
360000,640000,89
360000,650000,88
360000,660000,86
360000,670000,104
370000,600000,78
370000,610000,89
370000,620000,77
370000,630000,92
370000,640000,93
370000,650000,89
370000,660000,83
380000,600000,69
380000,610000,64
380000,620000,92
380000,630000,96
380000,640000,102
380000,650000,83
380000,660000,103
390000,600000,88
390000,610000,68
390000,620000,96
390000,630000,80
390000,640000,86
390000,650000,83
400000,600000,111
400000,610000,82
400000,620000,88
400000,630000,79
400000,640000,82
410000,600000,78
410000,610000,80
410000,620000,78
410000,630000,79
420000,600000,86
420000,610000,87
200000,550000,75
200000,560000,86
200000,570000,69
210000,550000,91
210000,560000,87
210000,570000,64
210000,580000,82
220000,550000,79
220000,560000,76
220000,570000,87
220000,580000,60
220000,590000,87
230000,540000,81
230000,550000,90
230000,560000,79
230000,570000,98
230000,580000,72
230000,590000,59
240000,540000,79
240000,550000,89
240000,560000,100
240000,570000,78
240000,580000,62
240000,590000,35
250000,550000,85
250000,560000,87
250000,570000,82
250000,580000,80
250000,590000,74
260000,550000,84
260000,560000,108
260000,570000,105
260000,580000,98
260000,590000,86
270000,540000,99
270000,550000,84
270000,560000,95
270000,570000,91
270000,580000,89
270000,590000,83
280000,550000,92
280000,560000,82
280000,570000,88
280000,580000,78
280000,590000,96
290000,560000,102
290000,570000,78
290000,580000,97
290000,590000,77
300000,500000,102
300000,510000,101
300000,520000,99
300000,530000,95
300000,570000,60
300000,580000,97
300000,590000,59
310000,500000,80
310000,510000,82
310000,520000,96
310000,530000,91
310000,540000,84
310000,550000,93
310000,560000,92
310000,570000,83
310000,580000,75
310000,590000,64
320000,500000,67
320000,510000,78
320000,520000,112
320000,530000,84
320000,540000,86
320000,550000,101
320000,560000,80
320000,570000,57
320000,580000,62
320000,590000,55
330000,500000,94
330000,510000,80
330000,520000,85
330000,530000,86
330000,540000,87
330000,550000,94
330000,560000,95
330000,570000,91
330000,580000,83
330000,590000,63
340000,500000,92
340000,510000,88
340000,520000,92
340000,530000,83
340000,540000,77
340000,550000,96
340000,560000,67
340000,570000,85
340000,580000,82
340000,590000,69
350000,500000,89
350000,510000,97
350000,520000,89
350000,530000,86
350000,540000,97
350000,550000,104
350000,560000,90
350000,570000,84
350000,580000,65
350000,590000,78
360000,500000,100
360000,510000,77
360000,520000,90
360000,530000,89
360000,540000,67
360000,550000,95
360000,560000,82
360000,570000,68
360000,580000,57
360000,590000,64
370000,500000,90
370000,510000,79
370000,520000,69
370000,530000,72
370000,540000,73
370000,550000,88
370000,560000,90
370000,570000,63
370000,580000,74
370000,590000,51
380000,500000,76
380000,510000,79
380000,520000,72
380000,530000,61
380000,540000,67
380000,550000,78
380000,560000,102
380000,570000,93
380000,580000,87
380000,590000,77
390000,500000,82
390000,510000,83
390000,520000,88
390000,530000,78
390000,540000,93
390000,550000,99
390000,560000,82
390000,570000,92
390000,580000,77
390000,590000,83
400000,500000,95
400000,510000,92
400000,520000,88
400000,530000,93
400000,540000,103
400000,550000,92
400000,560000,88
400000,570000,88
400000,580000,87
400000,590000,84
410000,500000,100
410000,510000,78
410000,520000,34
410000,530000,86
410000,540000,63
410000,550000,92
410000,560000,91
410000,570000,76
410000,580000,64
410000,590000,83
420000,500000,83
420000,510000,89
420000,520000,81
420000,530000,82
420000,540000,86
420000,550000,83
420000,560000,68
420000,570000,92
420000,580000,87
420000,590000,93
430000,500000,75
430000,510000,80
430000,520000,61
430000,530000,69
430000,540000,68
430000,550000,95
430000,560000,84
440000,500000,81
440000,510000,83
440000,520000,93
440000,530000,95
450000,500000,68
450000,510000,88
450000,520000,83
460000,500000,53
460000,510000,93
470000,500000,64
470000,510000,102
480000,500000,73
490000,500000,59
310000,480000,101
310000,490000,82
320000,470000,106
320000,480000,98
320000,490000,96
330000,400000,82
330000,410000,91
330000,430000,68
330000,440000,75
330000,470000,85
330000,480000,100
330000,490000,99
340000,400000,61
340000,410000,105
340000,420000,74
340000,430000,61
340000,440000,76
340000,450000,87
340000,460000,87
340000,470000,112
340000,480000,109
340000,490000,90
350000,400000,82
350000,410000,80
350000,420000,68
350000,430000,71
350000,440000,96
350000,450000,104
350000,460000,100
350000,470000,107
350000,480000,97
350000,490000,103
360000,400000,92
360000,410000,97
360000,420000,106
360000,430000,79
360000,440000,99
360000,450000,102
360000,460000,88
360000,470000,98
360000,480000,86
360000,490000,97
370000,400000,78
370000,410000,82
370000,420000,108
370000,430000,94
370000,440000,97
370000,450000,94
370000,460000,88
370000,470000,82
370000,480000,90
370000,490000,85
380000,400000,65
380000,410000,88
380000,420000,100
380000,430000,108
380000,440000,109
380000,450000,100
380000,460000,98
380000,470000,86
380000,480000,87
380000,490000,86
390000,400000,94
390000,410000,89
390000,420000,82
390000,430000,87
390000,440000,77
390000,450000,102
390000,460000,100
390000,470000,90
390000,480000,80
390000,490000,80
400000,400000,82
400000,410000,91
400000,420000,80
400000,430000,77
400000,440000,73
400000,450000,101
400000,460000,80
400000,470000,86
400000,480000,82
400000,490000,98
410000,400000,91
410000,410000,79
410000,420000,72
410000,430000,67
410000,440000,89
410000,450000,87
410000,460000,91
410000,470000,96
410000,480000,95
410000,490000,96
420000,400000,105
420000,410000,89
420000,420000,38
420000,430000,76
420000,440000,97
420000,450000,94
420000,460000,102
420000,470000,118
420000,480000,87
420000,490000,96
430000,400000,109
430000,410000,83
430000,420000,70
430000,430000,86
430000,440000,96
430000,450000,99
430000,460000,104
430000,470000,89
430000,480000,74
430000,490000,80
440000,400000,104
440000,410000,42
440000,420000,83
440000,430000,85
440000,440000,85
440000,450000,83
440000,460000,83
440000,470000,85
440000,480000,76
440000,490000,88
450000,400000,94
450000,410000,83
450000,420000,65
450000,430000,83
450000,440000,83
450000,450000,77
450000,460000,76
450000,470000,81
450000,480000,79
450000,490000,73
460000,400000,84
460000,410000,85
460000,420000,83
460000,430000,95
460000,440000,102
460000,450000,85
460000,460000,78
460000,470000,78
460000,480000,72
460000,490000,82
470000,400000,72
470000,410000,81
470000,420000,81
470000,430000,94
470000,440000,110
470000,450000,82
470000,460000,70
470000,470000,73
470000,480000,77
470000,490000,76
480000,400000,94
480000,410000,76
480000,420000,95
480000,430000,90
480000,440000,72
480000,450000,85
480000,460000,88
480000,470000,92
480000,480000,95
480000,490000,80
490000,400000,87
490000,410000,94
490000,420000,94
490000,430000,78
490000,440000,63
490000,450000,85
490000,460000,74
490000,470000,83
490000,480000,91
490000,490000,77
220000,330000,65
230000,330000,80
230000,370000,94
230000,380000,95
240000,340000,100
240000,350000,69
240000,360000,97
240000,370000,99
240000,380000,98
250000,340000,63
250000,350000,80
250000,360000,93
250000,370000,107
260000,300000,86
260000,310000,98
260000,320000,75
260000,330000,100
260000,340000,83
260000,350000,78
260000,360000,72
270000,300000,89
270000,310000,98
270000,320000,87
270000,330000,81
270000,340000,84
270000,350000,96
270000,360000,99
270000,370000,87
280000,300000,73
280000,310000,84
280000,320000,67
280000,330000,82
280000,340000,80
280000,350000,85
280000,360000,83
280000,370000,98
290000,300000,77
290000,310000,72
290000,320000,76
290000,330000,83
290000,340000,86
290000,350000,88
290000,360000,87
290000,370000,101
300000,300000,73
300000,310000,86
300000,320000,86
300000,330000,70
300000,340000,104
300000,350000,80
300000,360000,89
300000,370000,107
310000,300000,57
310000,310000,82
310000,320000,71
310000,330000,69
310000,340000,92
310000,350000,77
310000,360000,69
310000,370000,102
320000,300000,93
320000,310000,80
320000,320000,96
320000,330000,90
320000,340000,116
320000,350000,67
320000,360000,74
320000,370000,77
320000,380000,81
330000,300000,101
330000,310000,101
330000,320000,86
330000,330000,86
330000,340000,78
330000,350000,69
330000,360000,69
330000,370000,94
330000,380000,68
330000,390000,67
340000,300000,97
340000,310000,96
340000,320000,85
340000,330000,97
340000,340000,73
340000,350000,91
340000,360000,91
340000,370000,66
340000,380000,75
340000,390000,79
350000,300000,98
350000,310000,101
350000,320000,90
350000,330000,96
350000,340000,78
350000,350000,86
350000,360000,75
350000,370000,94
350000,380000,102
350000,390000,82
360000,300000,96
360000,310000,108
360000,320000,94
360000,330000,98
360000,340000,78
360000,350000,80
360000,360000,91
360000,370000,83
360000,380000,99
360000,390000,99
370000,300000,91
370000,310000,97
370000,320000,94
370000,330000,100
370000,340000,97
370000,350000,101
370000,360000,87
370000,370000,76
370000,380000,87
370000,390000,84
380000,300000,100
380000,310000,101
380000,320000,92
380000,330000,91
380000,340000,91
380000,350000,99
380000,360000,87
380000,370000,95
380000,380000,70
380000,390000,58
390000,300000,85
390000,310000,94
390000,320000,100
390000,330000,92
390000,340000,93
390000,350000,97
390000,360000,104
390000,370000,90
390000,380000,82
390000,390000,88
400000,300000,95
400000,310000,78
400000,320000,95
400000,330000,84
400000,340000,83
400000,350000,82
400000,360000,81
400000,370000,105
400000,380000,93
400000,390000,95
410000,300000,68
410000,310000,101
410000,320000,101
410000,330000,93
410000,340000,85
410000,350000,91
410000,360000,76
410000,370000,81
410000,380000,94
410000,390000,87
420000,300000,106
420000,310000,99
420000,320000,104
420000,330000,76
420000,340000,87
420000,350000,85
420000,360000,97
420000,370000,105
420000,380000,106
420000,390000,107
430000,300000,77
430000,310000,66
430000,320000,108
430000,330000,81
430000,340000,86
430000,350000,87
430000,360000,99
430000,370000,87
430000,380000,85
430000,390000,95
440000,300000,76
440000,310000,86
440000,320000,72
440000,330000,93
440000,340000,85
440000,350000,86
440000,360000,107
440000,370000,106
440000,380000,92
440000,390000,82
450000,300000,89
450000,310000,100
450000,320000,70
450000,330000,97
450000,340000,90
450000,350000,88
450000,360000,88
450000,370000,95
450000,380000,86
450000,390000,85
460000,300000,99
460000,310000,80
460000,320000,67
460000,330000,86
460000,340000,84
460000,350000,83
460000,360000,90
460000,370000,104
460000,380000,93
460000,390000,97
470000,300000,77
470000,310000,81
470000,320000,70
470000,330000,75
470000,340000,80
470000,350000,84
470000,360000,64
470000,370000,74
470000,380000,100
470000,390000,94
480000,300000,111
480000,310000,76
480000,320000,75
480000,330000,81
480000,340000,81
480000,350000,78
480000,360000,90
480000,370000,94
480000,380000,80
480000,390000,73
490000,300000,96
490000,310000,89
490000,320000,60
490000,330000,70
490000,340000,90
490000,350000,46
490000,360000,82
490000,370000,69
490000,380000,74
490000,390000,65
180000,200000,69
180000,210000,67
180000,220000,72
190000,200000,48
190000,210000,56
190000,220000,63
190000,230000,82
200000,200000,65
200000,210000,67
200000,220000,43
200000,230000,78
210000,200000,51
210000,210000,66
210000,220000,84
210000,230000,59
210000,240000,86
220000,210000,76
220000,220000,73
220000,230000,57
220000,240000,71
230000,210000,95
230000,220000,78
230000,230000,82
230000,240000,77
230000,250000,78
240000,200000,97
240000,210000,94
240000,220000,99
240000,230000,79
240000,240000,78
240000,250000,81
250000,200000,91
250000,210000,92
250000,220000,102
250000,230000,80
250000,240000,92
250000,250000,76
250000,260000,74
260000,200000,73
260000,210000,87
260000,220000,99
260000,230000,97
260000,240000,78
260000,250000,89
260000,260000,88
260000,270000,92
260000,280000,84
260000,290000,110
270000,200000,57
270000,210000,76
270000,220000,83
270000,230000,85
270000,240000,89
270000,250000,78
270000,260000,84
270000,270000,95
270000,280000,88
270000,290000,96
280000,200000,72
280000,210000,81
280000,220000,88
280000,230000,80
280000,240000,91
280000,250000,74
280000,260000,78
280000,270000,66
280000,280000,56
280000,290000,83
290000,200000,71
290000,210000,70
290000,220000,89
290000,230000,79
290000,240000,88
290000,250000,93
290000,260000,98
290000,270000,71
290000,280000,80
290000,290000,87
300000,200000,71
300000,210000,80
300000,220000,94
300000,230000,80
300000,240000,89
300000,250000,89
300000,260000,74
300000,270000,68
300000,280000,85
300000,290000,87
310000,200000,78
310000,210000,93
310000,220000,101
310000,230000,87
310000,240000,84
310000,250000,99
310000,260000,70
310000,270000,53
310000,280000,81
310000,290000,84
320000,200000,87
320000,210000,86
320000,220000,78
320000,230000,77
320000,240000,85
320000,250000,72
320000,260000,82
320000,270000,92
320000,280000,95
320000,290000,82
330000,200000,103
330000,210000,94
330000,220000,80
330000,230000,80
330000,240000,92
330000,250000,84
330000,260000,86
330000,270000,93
330000,280000,98
330000,290000,104
340000,200000,85
340000,210000,85
340000,220000,81
340000,230000,84
340000,240000,82
340000,250000,81
340000,260000,82
340000,270000,92
340000,280000,91
340000,290000,88
350000,200000,90
350000,210000,93
350000,220000,80
350000,230000,82
350000,240000,72
350000,250000,83
350000,260000,77
350000,270000,98
350000,280000,90
350000,290000,89
360000,200000,98
360000,210000,96
360000,220000,87
360000,230000,79
360000,240000,76
360000,250000,81
360000,260000,72
360000,270000,93
360000,280000,86
360000,290000,92
370000,200000,95
370000,210000,88
370000,220000,82
370000,230000,86
370000,240000,82
370000,250000,84
370000,260000,81
370000,270000,87
370000,280000,103
370000,290000,95
380000,200000,70
380000,210000,75
380000,220000,83
380000,230000,91
380000,240000,91
380000,250000,75
380000,260000,85
380000,270000,87
380000,280000,90
380000,290000,84
390000,200000,80
390000,210000,85
390000,220000,85
390000,230000,85
390000,240000,89
390000,250000,88
390000,260000,103
390000,270000,82
390000,280000,87
390000,290000,75
400000,200000,73
400000,210000,83
400000,220000,76
400000,230000,64
400000,240000,77
400000,250000,84
400000,260000,85
400000,270000,77
400000,280000,64
400000,290000,84
410000,200000,83
410000,210000,78
410000,220000,84
410000,230000,84
410000,240000,54
410000,250000,80
410000,260000,74
410000,270000,81
410000,280000,78
410000,290000,85
420000,200000,59
420000,210000,70
420000,220000,81
420000,230000,69
420000,240000,73
420000,250000,88
420000,260000,78
420000,270000,66
420000,280000,91
420000,290000,108
430000,200000,81
430000,210000,67
430000,220000,81
430000,230000,71
430000,240000,89
430000,250000,87
430000,260000,81
430000,270000,84
430000,280000,79
430000,290000,69
440000,200000,88
440000,210000,66
440000,220000,82
440000,230000,78
440000,240000,92
440000,250000,90
440000,260000,90
440000,270000,80
440000,280000,89
440000,290000,76
450000,200000,87
450000,210000,76
450000,220000,78
450000,230000,81
450000,240000,82
450000,250000,88
450000,260000,71
450000,270000,76
450000,280000,93
450000,290000,66
460000,200000,67
460000,210000,73
460000,220000,72
460000,230000,71
460000,240000,85
460000,250000,83
460000,260000,70
460000,270000,63
460000,280000,81
460000,290000,79
470000,200000,81
470000,210000,73
470000,220000,70
470000,230000,74
470000,240000,87
470000,250000,83
470000,260000,80
470000,270000,99
470000,280000,72
470000,290000,67
480000,200000,79
480000,210000,79
480000,220000,74
480000,230000,79
480000,240000,73
480000,250000,83
480000,260000,90
480000,270000,75
480000,280000,79
480000,290000,98
490000,200000,84
490000,210000,99
490000,220000,104
490000,230000,98
490000,240000,85
490000,250000,86
490000,260000,67
490000,270000,87
490000,280000,68
490000,290000,85
190000,190000,88
220000,100000,61
220000,110000,85
220000,120000,82
230000,100000,62
230000,110000,72
240000,100000,72
240000,110000,74
240000,120000,90
250000,100000,67
250000,110000,72
250000,120000,62
250000,130000,87
250000,140000,82
250000,190000,90
260000,100000,67
260000,110000,71
260000,120000,60
260000,130000,60
260000,140000,71
260000,190000,77
270000,100000,70
270000,110000,75
270000,120000,69
270000,130000,81
270000,140000,75
270000,190000,84
280000,100000,79
280000,110000,70
280000,120000,71
280000,130000,71
280000,140000,81
280000,180000,85
280000,190000,70
290000,100000,72
290000,110000,75
290000,120000,74
290000,130000,75
290000,140000,78
290000,170000,76
290000,180000,74
290000,190000,40
300000,100000,76
300000,110000,75
300000,120000,58
300000,130000,80
300000,170000,71
300000,180000,84
300000,190000,74
310000,100000,70
310000,110000,83
310000,120000,71
310000,130000,78
310000,170000,55
310000,180000,70
310000,190000,67
320000,100000,82
320000,110000,66
320000,120000,72
320000,130000,85
320000,140000,86
320000,180000,83
320000,190000,84
330000,100000,72
330000,110000,61
330000,120000,82
330000,130000,76
330000,140000,69
330000,150000,83
330000,160000,86
330000,180000,83
330000,190000,90
340000,100000,66
340000,110000,62
340000,120000,63
340000,130000,80
340000,140000,98
340000,150000,84
340000,160000,85
340000,170000,88
340000,190000,89
350000,100000,88
350000,110000,87
350000,120000,61
350000,130000,56
350000,140000,82
350000,150000,100
350000,160000,89
350000,170000,84
350000,180000,84
350000,190000,96
360000,100000,91
360000,110000,86
360000,120000,54
360000,130000,64
360000,140000,65
360000,150000,77
360000,160000,86
360000,170000,69
360000,180000,73
360000,190000,85
370000,100000,76
370000,110000,74
370000,120000,67
370000,130000,62
370000,140000,83
370000,150000,75
370000,160000,80
370000,170000,78
370000,180000,77
370000,190000,80
380000,100000,81
380000,110000,79
380000,120000,71
380000,130000,77
380000,140000,92
380000,150000,74
380000,160000,68
380000,170000,89
380000,180000,70
380000,190000,75
390000,100000,90
390000,110000,72
390000,120000,79
390000,130000,88
390000,140000,83
390000,150000,84
390000,160000,82
390000,170000,75
390000,180000,81
390000,190000,75
400000,100000,96
400000,110000,104
400000,120000,81
400000,130000,91
400000,140000,72
400000,150000,79
400000,160000,76
400000,170000,83
400000,180000,86
400000,190000,95
410000,100000,113
410000,110000,110
410000,120000,93
410000,130000,90
410000,140000,87
410000,150000,86
410000,160000,81
410000,170000,90
410000,180000,92
410000,190000,85
420000,100000,99
420000,110000,98
420000,120000,91
420000,130000,85
420000,140000,81
420000,150000,69
420000,160000,97
420000,170000,92
420000,180000,87
420000,190000,81
430000,100000,108
430000,110000,109
430000,120000,105
430000,130000,95
430000,140000,96
430000,150000,80
430000,160000,106
430000,170000,92
430000,180000,79
430000,190000,78
440000,100000,109
440000,110000,97
440000,120000,98
440000,130000,92
440000,140000,96
440000,150000,85
440000,160000,102
440000,170000,97
440000,180000,77
440000,190000,76
450000,100000,108
450000,110000,88
450000,120000,88
450000,130000,93
450000,140000,83
450000,150000,94
450000,160000,115
450000,170000,93
450000,180000,96
450000,190000,90
460000,100000,99
460000,110000,91
460000,120000,98
460000,130000,88
460000,140000,75
460000,150000,90
460000,160000,108
460000,170000,103
460000,180000,65
460000,190000,75
470000,100000,110
470000,110000,83
470000,120000,93
470000,130000,100
470000,140000,87
470000,150000,101
470000,160000,105
470000,170000,106
470000,180000,81
470000,190000,84
480000,100000,93
480000,110000,85
480000,120000,96
480000,130000,96
480000,140000,103
480000,150000,97
480000,160000,112
480000,170000,94
480000,180000,98
480000,190000,78
490000,100000,83
490000,110000,91
490000,120000,80
490000,130000,94
490000,140000,105
490000,150000,79
490000,160000,98
490000,170000,106
490000,180000,89
490000,190000,84
140000,30000,59
150000,30000,73
160000,20000,68
160000,30000,58
160000,40000,61
170000,20000,72
170000,30000,72
170000,40000,65
170000,50000,62
180000,30000,67
180000,40000,70
180000,50000,61
180000,60000,69
190000,40000,47
190000,50000,65
190000,60000,50
190000,70000,52
200000,50000,77
200000,60000,70
200000,70000,53
200000,80000,58
210000,50000,67
210000,60000,67
210000,70000,85
210000,80000,68
210000,90000,57
220000,50000,62
220000,60000,50
220000,70000,65
220000,80000,65
220000,90000,49
230000,50000,74
230000,60000,70
230000,70000,72
230000,80000,54
230000,90000,66
240000,50000,63
240000,60000,73
240000,70000,70
240000,80000,65
240000,90000,61
250000,50000,64
250000,60000,77
250000,70000,62
250000,80000,60
250000,90000,77
260000,40000,88
260000,50000,73
260000,60000,68
260000,70000,64
260000,80000,69
260000,90000,81
270000,40000,74
270000,50000,59
270000,60000,66
270000,70000,82
270000,80000,76
270000,90000,67
280000,50000,69
280000,60000,73
280000,70000,89
280000,80000,81
280000,90000,69
290000,70000,93
290000,80000,88
290000,90000,89
300000,80000,88
300000,90000,86
310000,90000,77
320000,90000,69
330000,90000,75
340000,90000,77
350000,80000,95
350000,90000,84
360000,80000,100
360000,90000,79
370000,80000,88
370000,90000,81
380000,80000,77
380000,90000,97
390000,80000,90
390000,90000,97
400000,90000,90
410000,90000,116
420000,90000,104
430000,90000,108
440000,80000,87
450000,80000,82
480000,90000,75
500000,400000,77
500000,410000,68
500000,420000,86
500000,430000,71
500000,440000,97
500000,450000,86
500000,460000,77
500000,470000,73
500000,480000,75
510000,400000,74
510000,410000,80
510000,420000,59
510000,430000,78
510000,440000,93
510000,450000,72
510000,460000,89
510000,470000,81
520000,400000,75
520000,420000,83
520000,430000,71
530000,420000,64
500000,300000,103
500000,310000,86
500000,320000,86
500000,330000,53
500000,340000,75
500000,350000,73
500000,360000,83
500000,370000,67
500000,380000,52
500000,390000,85
510000,300000,101
510000,310000,96
510000,320000,66
510000,330000,49
510000,340000,87
510000,350000,77
510000,360000,88
510000,370000,76
510000,380000,65
510000,390000,73
520000,300000,78
520000,310000,81
520000,320000,83
520000,330000,47
520000,340000,55
520000,350000,79
520000,360000,85
520000,370000,68
520000,380000,69
520000,390000,61
530000,300000,85
530000,310000,48
530000,320000,62
530000,330000,75
530000,340000,73
530000,350000,65
530000,360000,74
530000,370000,70
530000,380000,69
530000,390000,79
540000,300000,64
540000,310000,77
540000,320000,63
540000,350000,56
540000,360000,56
540000,370000,78
540000,380000,72
540000,390000,80
550000,300000,77
550000,310000,67
550000,320000,85
550000,360000,61
550000,370000,65
560000,300000,86
560000,310000,102
560000,320000,119
570000,300000,100
570000,310000,102
570000,320000,89
570000,330000,80
570000,340000,118
580000,300000,98
580000,310000,98
580000,320000,93
580000,330000,82
580000,340000,108
590000,300000,73
590000,310000,80
590000,320000,104
590000,330000,89
590000,340000,89
600000,300000,75
600000,310000,90
600000,320000,84
600000,330000,79
600000,340000,108
610000,300000,92
610000,310000,83
610000,320000,70
610000,330000,82
620000,300000,69
620000,310000,89
620000,320000,91
620000,330000,79
630000,300000,111
630000,310000,105
630000,320000,103
640000,300000,107
640000,310000,101
640000,320000,104
500000,200000,85
500000,210000,83
500000,220000,97
500000,230000,99
500000,240000,98
500000,250000,91
500000,260000,86
500000,270000,73
500000,280000,102
500000,290000,99
510000,200000,100
510000,210000,98
510000,220000,89
510000,230000,89
510000,240000,95
510000,250000,109
510000,260000,86
510000,270000,67
510000,280000,83
510000,290000,110
520000,200000,93
520000,210000,102
520000,220000,97
520000,230000,81
520000,240000,88
520000,250000,79
520000,260000,95
520000,270000,78
520000,280000,96
520000,290000,102
530000,200000,101
530000,210000,105
530000,220000,86
530000,230000,74
530000,240000,80
530000,250000,74
530000,260000,72
530000,270000,93
530000,280000,63
530000,290000,89
540000,200000,73
540000,210000,89
540000,220000,79
540000,230000,70
540000,240000,89
540000,250000,80
540000,260000,84
540000,270000,77
540000,280000,99
540000,290000,73
550000,200000,82
550000,210000,76
550000,220000,87
550000,230000,82
550000,240000,70
550000,250000,74
550000,260000,95
550000,270000,95
550000,280000,87
550000,290000,84
560000,200000,86
560000,210000,78
560000,220000,65
560000,230000,66
560000,240000,68
560000,250000,77
560000,260000,78
560000,270000,79
560000,280000,80
560000,290000,88
570000,200000,91
570000,210000,88
570000,220000,81
570000,230000,59
570000,240000,86
570000,250000,82
570000,260000,84
570000,270000,116
570000,280000,114
570000,290000,81
580000,200000,79
580000,210000,95
580000,220000,83
580000,230000,82
580000,240000,88
580000,250000,64
580000,260000,93
580000,270000,125
580000,280000,101
580000,290000,114
590000,200000,74
590000,210000,97
590000,220000,102
590000,230000,81
590000,240000,83
590000,250000,73
590000,260000,86
590000,270000,109
590000,280000,97
590000,290000,100
600000,210000,98
600000,220000,98
600000,230000,88
600000,240000,83
600000,250000,84
600000,260000,72
600000,270000,80
600000,280000,76
600000,290000,73
610000,210000,103
610000,220000,92
610000,230000,93
610000,240000,90
610000,250000,82
610000,260000,61
610000,270000,77
610000,280000,76
610000,290000,62
620000,230000,101
620000,240000,97
620000,250000,79
620000,260000,77
620000,270000,72
620000,280000,96
620000,290000,85
630000,240000,101
630000,250000,99
630000,260000,74
630000,270000,72
630000,280000,86
630000,290000,92
640000,250000,106
640000,260000,117
640000,270000,114
640000,280000,79
640000,290000,94
500000,100000,98
500000,110000,97
500000,120000,84
500000,130000,79
500000,140000,90
500000,150000,87
500000,160000,103
500000,170000,99
500000,180000,97
500000,190000,97
510000,100000,81
510000,110000,82
510000,120000,78
510000,130000,87
510000,140000,87
510000,150000,84
510000,160000,100
510000,170000,85
510000,180000,66
510000,190000,95
520000,100000,68
520000,110000,72
520000,120000,81
520000,130000,91
520000,140000,81
520000,150000,86
520000,160000,83
520000,170000,83
520000,180000,68
520000,190000,89
530000,100000,69
530000,110000,72
530000,120000,81
530000,130000,90
530000,140000,80
530000,150000,85
530000,160000,78
530000,170000,66
530000,180000,76
530000,190000,92
540000,100000,100
540000,110000,87
540000,120000,83
540000,130000,89
540000,140000,85
540000,150000,86
540000,160000,89
540000,170000,80
540000,180000,80
540000,190000,109
550000,100000,83
550000,110000,75
550000,120000,72
550000,130000,88
550000,140000,87
550000,150000,103
550000,160000,90
550000,170000,99
550000,180000,111
550000,190000,96
560000,100000,76
560000,110000,83
560000,120000,83
560000,130000,94
560000,140000,95
560000,150000,90
560000,160000,94
560000,170000,98
560000,180000,91
560000,190000,67
570000,110000,81
570000,120000,90
570000,130000,90
570000,140000,82
570000,150000,89
570000,160000,102
570000,170000,114
570000,180000,93
570000,190000,90
580000,110000,106
580000,120000,78
580000,130000,77
580000,140000,83
580000,150000,86
580000,160000,103
580000,170000,92
580000,180000,64
580000,190000,85
590000,120000,98
590000,130000,90
590000,140000,78
590000,150000,75
590000,160000,106
590000,190000,69
600000,120000,70
600000,130000,86
600000,140000,97
600000,150000,98
600000,160000,115
610000,130000,85
610000,140000,75
610000,150000,90
610000,160000,105
620000,140000,79
620000,150000,97
620000,160000,104
630000,140000,83
630000,150000,102
630000,160000,95
