"","Easting","Northing","anomaly"
"783",7,82,-2.78768020969856
"784",7,83,-2.78768020969856
"884",8,83,-2.58768020969856
"886",8,85,-2.68768020969856
"887",8,86,-2.78768020969856
"888",8,87,-2.78768020969856
"1089",10,88,-2.58768020969856
"1090",10,89,-2.68768020969856
"1092",10,91,-2.78768020969856
"1093",10,92,-2.88768020969856
"1094",10,93,-3.08768020969856
"1190",11,89,-2.68768020969856
"1191",11,90,-2.58768020969856
"1192",11,91,-2.78768020969856
"1193",11,92,-2.88768020969856
"1194",11,93,-3.18768020969856
"1267",12,66,-2.88768020969856
"1285",12,84,-2.38768020969856
"1286",12,85,-2.28768020969856
"1291",12,90,-2.58768020969856
"1292",12,91,-2.68768020969856
"1293",12,92,-2.88768020969856
"1294",12,93,-3.08768020969856
"1295",12,94,-3.08768020969856
"1365",13,64,-2.68768020969856
"1366",13,65,-2.78768020969856
"1367",13,66,-2.68768020969856
"1368",13,67,-2.68768020969856
"1380",13,79,-2.18768020969856
"1383",13,82,-2.28768020969856
"1384",13,83,-2.28768020969856
"1385",13,84,-2.28768020969856
"1386",13,85,-2.38768020969856
"1392",13,91,-2.78768020969856
"1393",13,92,-2.88768020969856
"1394",13,93,-2.88768020969856
"1395",13,94,-3.08768020969856
"1404",14,3,-1.98768020969856
"1466",14,65,-2.48768020969856
"1467",14,66,-2.58768020969856
"1468",14,67,-2.48768020969856
"1473",14,72,-2.38768020969856
"1475",14,74,-2.28768020969856
"1476",14,75,-2.38768020969856
"1477",14,76,-2.38768020969856
"1483",14,82,-2.08768020969856
"1484",14,83,-2.18768020969856
"1485",14,84,-2.18768020969856
"1486",14,85,-2.08768020969856
"1487",14,86,-2.18768020969856
"1494",14,93,-2.88768020969856
"1495",14,94,-2.98768020969856
"1496",14,95,-3.08768020969856
"1504",15,3,-2.08768020969856
"1568",15,67,-2.28768020969856
"1569",15,68,-2.38768020969856
"1573",15,72,-2.18768020969856
"1574",15,73,-2.18768020969856
"1575",15,74,-2.18768020969856
"1576",15,75,-2.18768020969856
"1577",15,76,-2.18768020969856
"1583",15,82,-1.98768020969856
"1584",15,83,-2.08768020969856
"1596",15,95,-3.08768020969856
"1603",16,2,-2.08768020969856
"1604",16,3,-1.98768020969856
"1605",16,4,-1.88768020969856
"1662",16,61,-2.18768020969856
"1670",16,69,-2.18768020969856
"1673",16,72,-1.88768020969856
"1674",16,73,-1.88768020969856
"1675",16,74,-1.98768020969856
"1676",16,75,-1.98768020969856
"1677",16,76,-1.98768020969856
"1682",16,81,-2.08768020969856
"1683",16,82,-2.08768020969856
"1703",17,2,-2.08768020969856
"1704",17,3,-1.88768020969856
"1705",17,4,-1.78768020969856
"1706",17,5,-1.68768020969856
"1762",17,61,-1.98768020969856
"1763",17,62,-2.08768020969856
"1764",17,63,-1.98768020969856
"1765",17,64,-2.08768020969856
"1766",17,65,-2.18768020969856
"1767",17,66,-2.08768020969856
"1768",17,67,-2.08768020969856
"1769",17,68,-2.08768020969856
"1775",17,74,-1.88768020969856
"1776",17,75,-1.78768020969856
"1777",17,76,-1.78768020969856
"1778",17,77,-1.78768020969856
"1779",17,78,-1.88768020969856
"1780",17,79,-1.88768020969856
"1781",17,80,-1.78768020969856
"1783",17,82,-1.68768020969856
"1785",17,84,-1.78768020969856
"1786",17,85,-1.88768020969856
"1789",17,88,-2.08768020969856
"1804",18,3,-1.98768020969856
"1805",18,4,-1.78768020969856
"1806",18,5,-1.68768020969856
"1807",18,6,-1.58768020969856
"1821",18,20,-1.28768020969856
"1822",18,21,-1.28768020969856
"1823",18,22,-1.28768020969856
"1866",18,65,-1.98768020969856
"1867",18,66,-1.88768020969856
"1868",18,67,-1.88768020969856
"1869",18,68,-1.88768020969856
"1870",18,69,-1.98768020969856
"1871",18,70,-1.78768020969856
"1872",18,71,-1.58768020969856
"1873",18,72,-1.78768020969856
"1876",18,75,-1.68768020969856
"1877",18,76,-1.58768020969856
"1878",18,77,-1.48768020969856
"1879",18,78,-1.58768020969856
"1880",18,79,-1.48768020969856
"1881",18,80,-1.58768020969856
"1882",18,81,-1.58768020969856
"1883",18,82,-1.58768020969856
"1884",18,83,-1.68768020969856
"1885",18,84,-1.58768020969856
"1886",18,85,-1.68768020969856
"1887",18,86,-1.68768020969856
"1888",18,87,-1.98768020969856
"1889",18,88,-1.98768020969856
"1905",19,4,-1.68768020969856
"1906",19,5,-1.58768020969856
"1907",19,6,-1.48768020969856
"1908",19,7,-1.58768020969856
"1920",19,19,-1.18768020969856
"1921",19,20,-1.18768020969856
"1922",19,21,-1.28768020969856
"1923",19,22,-1.18768020969856
"1924",19,23,-1.18768020969856
"1963",19,62,-1.68768020969856
"1964",19,63,-1.68768020969856
"1965",19,64,-1.58768020969856
"1968",19,67,-1.68768020969856
"1969",19,68,-1.58768020969856
"1970",19,69,-1.58768020969856
"1971",19,70,-1.58768020969856
"1972",19,71,-1.38768020969856
"1973",19,72,-1.48768020969856
"1974",19,73,-1.48768020969856
"1975",19,74,-1.58768020969856
"1977",19,76,-1.48768020969856
"1978",19,77,-1.48768020969856
"1979",19,78,-1.28768020969856
"1980",19,79,-1.18768020969856
"1981",19,80,-1.28768020969856
"1982",19,81,-1.28768020969856
"1983",19,82,-1.28768020969856
"1984",19,83,-1.48768020969856
"1985",19,84,-1.48768020969856
"1986",19,85,-1.38768020969856
"1987",19,86,-1.48768020969856
"1988",19,87,-1.68768020969856
"1989",19,88,-1.68768020969856
"2006",20,5,-1.48768020969856
"2007",20,6,-1.48768020969856
"2008",20,7,-1.38768020969856
"2009",20,8,-1.28768020969856
"2021",20,20,-1.18768020969856
"2022",20,21,-1.18768020969856
"2023",20,22,-1.08768020969856
"2024",20,23,-1.08768020969856
"2056",20,55,-1.88768020969856
"2057",20,56,-1.78768020969856
"2058",20,57,-1.68768020969856
"2067",20,66,-1.68768020969856
"2068",20,67,-1.48768020969856
"2069",20,68,-1.38768020969856
"2070",20,69,-1.38768020969856
"2071",20,70,-1.28768020969856
"2072",20,71,-1.28768020969856
"2073",20,72,-1.38768020969856
"2074",20,73,-1.18768020969856
"2075",20,74,-1.18768020969856
"2076",20,75,-1.18768020969856
"2077",20,76,-1.38768020969856
"2078",20,77,-1.38768020969856
"2079",20,78,-1.28768020969856
"2080",20,79,-1.18768020969856
"2081",20,80,-1.08768020969856
"2082",20,81,-0.987680209698558
"2083",20,82,-0.987680209698558
"2084",20,83,-1.08768020969856
"2085",20,84,-1.08768020969856
"2086",20,85,-1.28768020969856
"2087",20,86,-1.38768020969856
"2088",20,87,-1.28768020969856
"2089",20,88,-1.48768020969856
"2090",20,89,-1.68768020969856
"2091",20,90,-1.88768020969856
"2092",20,91,-2.18768020969856
"2106",21,5,-1.48768020969856
"2107",21,6,-1.48768020969856
"2108",21,7,-1.18768020969856
"2109",21,8,-1.28768020969856
"2110",21,9,-1.38768020969856
"2121",21,20,-1.08768020969856
"2122",21,21,-1.08768020969856
"2123",21,22,-1.08768020969856
"2124",21,23,-0.987680209698558
"2125",21,24,-1.18768020969856
"2156",21,55,-1.78768020969856
"2157",21,56,-1.58768020969856
"2158",21,57,-1.48768020969856
"2159",21,58,-1.38768020969856
"2168",21,67,-1.18768020969856
"2169",21,68,-1.18768020969856
"2170",21,69,-1.08768020969856
"2171",21,70,-0.987680209698558
"2172",21,71,-0.987680209698558
"2173",21,72,-1.08768020969856
"2174",21,73,-0.987680209698558
"2175",21,74,-0.887680209698559
"2176",21,75,-0.987680209698558
"2177",21,76,-0.987680209698558
"2178",21,77,-1.08768020969856
"2179",21,78,-1.08768020969856
"2180",21,79,-0.987680209698558
"2181",21,80,-1.08768020969856
"2182",21,81,-0.887680209698559
"2183",21,82,-0.787680209698557
"2184",21,83,-0.787680209698557
"2185",21,84,-0.887680209698559
"2186",21,85,-0.987680209698558
"2187",21,86,-0.987680209698558
"2188",21,87,-1.08768020969856
"2189",21,88,-1.38768020969856
"2190",21,89,-1.58768020969856
"2191",21,90,-1.68768020969856
"2192",21,91,-1.88768020969856
"2193",21,92,-2.18768020969856
"2194",21,93,-2.28768020969856
"2206",22,5,-1.38768020969856
"2207",22,6,-1.28768020969856
"2208",22,7,-1.18768020969856
"2209",22,8,-1.18768020969856
"2210",22,9,-1.28768020969856
"2211",22,10,-1.28768020969856
"2212",22,11,-1.18768020969856
"2213",22,12,-1.18768020969856
"2222",22,21,-0.887680209698559
"2223",22,22,-0.887680209698559
"2224",22,23,-0.987680209698558
"2225",22,24,-1.08768020969856
"2234",22,33,-1.48768020969856
"2248",22,47,-1.88768020969856
"2256",22,55,-1.68768020969856
"2257",22,56,-1.48768020969856
"2258",22,57,-1.28768020969856
"2259",22,58,-1.18768020969856
"2260",22,59,-1.08768020969856
"2261",22,60,-1.18768020969856
"2265",22,64,-1.38768020969856
"2266",22,65,-1.18768020969856
"2267",22,66,-0.987680209698558
"2268",22,67,-0.987680209698558
"2269",22,68,-0.987680209698558
"2270",22,69,-0.787680209698557
"2271",22,70,-0.687680209698557
"2272",22,71,-0.687680209698557
"2273",22,72,-0.687680209698557
"2274",22,73,-0.787680209698557
"2275",22,74,-0.687680209698557
"2276",22,75,-0.687680209698557
"2277",22,76,-0.787680209698557
"2278",22,77,-0.687680209698557
"2279",22,78,-0.887680209698559
"2280",22,79,-0.787680209698557
"2281",22,80,-0.787680209698557
"2282",22,81,-0.787680209698557
"2283",22,82,-0.687680209698557
"2284",22,83,-0.687680209698557
"2285",22,84,-0.787680209698557
"2286",22,85,-0.887680209698559
"2287",22,86,-0.987680209698558
"2288",22,87,-0.987680209698558
"2289",22,88,-1.08768020969856
"2290",22,89,-1.38768020969856
"2291",22,90,-1.48768020969856
"2292",22,91,-1.78768020969856
"2293",22,92,-1.88768020969856
"2294",22,93,-2.08768020969856
"2295",22,94,-2.38768020969856
"2296",22,95,-2.58768020969856
"2297",22,96,-2.78768020969856
"2306",23,5,-1.28768020969856
"2307",23,6,-1.18768020969856
"2308",23,7,-1.08768020969856
"2309",23,8,-1.08768020969856
"2310",23,9,-1.18768020969856
"2311",23,10,-1.18768020969856
"2312",23,11,-1.08768020969856
"2322",23,21,-0.687680209698557
"2323",23,22,-0.687680209698557
"2324",23,23,-0.787680209698557
"2325",23,24,-0.887680209698559
"2326",23,25,-0.987680209698558
"2334",23,33,-1.38768020969856
"2338",23,37,-1.38768020969856
"2339",23,38,-1.48768020969856
"2348",23,47,-1.78768020969856
"2349",23,48,-1.58768020969856
"2350",23,49,-1.68768020969856
"2355",23,54,-1.58768020969856
"2356",23,55,-1.48768020969856
"2357",23,56,-1.38768020969856
"2358",23,57,-1.18768020969856
"2359",23,58,-0.987680209698558
"2360",23,59,-0.787680209698557
"2361",23,60,-0.887680209698559
"2362",23,61,-0.987680209698558
"2363",23,62,-1.08768020969856
"2364",23,63,-1.08768020969856
"2365",23,64,-1.18768020969856
"2366",23,65,-0.987680209698558
"2367",23,66,-0.787680209698557
"2368",23,67,-0.787680209698557
"2369",23,68,-0.687680209698557
"2370",23,69,-0.587680209698558
"2371",23,70,-0.687680209698557
"2372",23,71,-0.487680209698558
"2373",23,72,-0.487680209698558
"2374",23,73,-0.487680209698558
"2375",23,74,-0.387680209698559
"2376",23,75,-0.487680209698558
"2377",23,76,-0.387680209698559
"2378",23,77,-0.487680209698558
"2379",23,78,-0.587680209698558
"2380",23,79,-0.487680209698558
"2381",23,80,-0.687680209698557
"2382",23,81,-0.487680209698558
"2383",23,82,-0.487680209698558
"2384",23,83,-0.687680209698557
"2385",23,84,-0.587680209698558
"2386",23,85,-0.787680209698557
"2387",23,86,-0.987680209698558
"2388",23,87,-0.887680209698559
"2389",23,88,-0.887680209698559
"2390",23,89,-1.38768020969856
"2391",23,90,-1.58768020969856
"2392",23,91,-1.68768020969856
"2393",23,92,-1.78768020969856
"2394",23,93,-2.08768020969856
"2395",23,94,-2.08768020969856
"2396",23,95,-2.38768020969856
"2397",23,96,-2.78768020969856
"2406",24,5,-1.18768020969856
"2407",24,6,-1.08768020969856
"2408",24,7,-0.887680209698559
"2409",24,8,-0.887680209698559
"2410",24,9,-1.08768020969856
"2411",24,10,-1.08768020969856
"2412",24,11,-1.08768020969856
"2413",24,12,-1.08768020969856
"2421",24,20,-0.587680209698558
"2422",24,21,-0.587680209698558
"2423",24,22,-0.587680209698558
"2424",24,23,-0.587680209698558
"2425",24,24,-0.787680209698557
"2426",24,25,-0.787680209698557
"2435",24,34,-1.18768020969856
"2436",24,35,-1.28768020969856
"2437",24,36,-1.28768020969856
"2438",24,37,-1.38768020969856
"2439",24,38,-1.28768020969856
"2449",24,48,-1.38768020969856
"2450",24,49,-1.58768020969856
"2455",24,54,-1.38768020969856
"2456",24,55,-1.28768020969856
"2457",24,56,-1.18768020969856
"2458",24,57,-0.887680209698559
"2459",24,58,-0.687680209698557
"2460",24,59,-0.687680209698557
"2461",24,60,-0.687680209698557
"2462",24,61,-0.787680209698557
"2463",24,62,-0.887680209698559
"2464",24,63,-0.987680209698558
"2465",24,64,-0.787680209698557
"2466",24,65,-0.687680209698557
"2467",24,66,-0.687680209698557
"2468",24,67,-0.387680209698559
"2469",24,68,-0.487680209698558
"2470",24,69,-0.487680209698558
"2471",24,70,-0.387680209698559
"2472",24,71,-0.287680209698557
"2473",24,72,-0.287680209698557
"2474",24,73,-0.187680209698557
"2475",24,74,-0.187680209698557
"2476",24,75,-0.287680209698557
"2477",24,76,-0.287680209698557
"2478",24,77,-0.0876802096985578
"2479",24,78,-0.187680209698557
"2480",24,79,-0.187680209698557
"2481",24,80,-0.187680209698557
"2482",24,81,-0.487680209698558
"2483",24,82,-0.387680209698559
"2484",24,83,-0.587680209698558
"2485",24,84,-0.587680209698558
"2486",24,85,-0.887680209698559
"2487",24,86,-0.687680209698557
"2488",24,87,-0.787680209698557
"2489",24,88,-1.08768020969856
"2490",24,89,-1.28768020969856
"2491",24,90,-1.48768020969856
"2492",24,91,-1.58768020969856
"2493",24,92,-1.88768020969856
"2494",24,93,-1.78768020969856
"2495",24,94,-2.08768020969856
"2496",24,95,-2.38768020969856
"2506",25,5,-1.08768020969856
"2507",25,6,-0.887680209698559
"2508",25,7,-0.587680209698558
"2509",25,8,-0.587680209698558
"2510",25,9,-0.787680209698557
"2511",25,10,-0.887680209698559
"2512",25,11,-0.987680209698558
"2513",25,12,-0.987680209698558
"2514",25,13,-0.887680209698559
"2515",25,14,-0.687680209698557
"2520",25,19,-0.587680209698558
"2521",25,20,-0.487680209698558
"2522",25,21,-0.387680209698559
"2523",25,22,-0.487680209698558
"2524",25,23,-0.487680209698558
"2525",25,24,-0.587680209698558
"2526",25,25,-0.787680209698557
"2527",25,26,-0.887680209698559
"2535",25,34,-0.887680209698559
"2536",25,35,-0.887680209698559
"2537",25,36,-1.08768020969856
"2538",25,37,-1.18768020969856
"2556",25,55,-0.987680209698558
"2557",25,56,-0.787680209698557
"2558",25,57,-0.687680209698557
"2559",25,58,-0.587680209698558
"2560",25,59,-0.587680209698558
"2561",25,60,-0.587680209698558
"2562",25,61,-0.587680209698558
"2563",25,62,-0.787680209698557
"2564",25,63,-0.687680209698557
"2565",25,64,-0.487680209698558
"2566",25,65,-0.487680209698558
"2567",25,66,-0.387680209698559
"2568",25,67,-0.287680209698557
"2569",25,68,-0.187680209698557
"2570",25,69,-0.287680209698557
"2571",25,70,-0.287680209698557
"2572",25,71,-0.0876802096985578
"2573",25,72,-0.187680209698557
"2574",25,73,0.0123197903014418
"2575",25,74,0.0123197903014418
"2576",25,75,0.0123197903014418
"2577",25,76,0.112319790301441
"2578",25,77,0.112319790301441
"2579",25,78,0.0123197903014418
"2580",25,79,-0.0876802096985578
"2581",25,80,0.112319790301441
"2582",25,81,-0.187680209698557
"2583",25,82,-0.387680209698559
"2584",25,83,-0.487680209698558
"2585",25,84,-0.687680209698557
"2586",25,85,-0.787680209698557
"2587",25,86,-0.787680209698557
"2588",25,87,-0.887680209698559
"2589",25,88,-1.08768020969856
"2590",25,89,-1.28768020969856
"2591",25,90,-1.38768020969856
"2592",25,91,-1.68768020969856
"2593",25,92,-1.78768020969856
"2594",25,93,-1.88768020969856
"2595",25,94,-2.08768020969856
"2596",25,95,-2.28768020969856
"2597",25,96,-2.48768020969856
"2605",26,4,-1.18768020969856
"2606",26,5,-0.987680209698558
"2607",26,6,-0.687680209698557
"2608",26,7,-0.487680209698558
"2609",26,8,-0.387680209698559
"2610",26,9,-0.587680209698558
"2611",26,10,-0.787680209698557
"2612",26,11,-0.787680209698557
"2613",26,12,-0.787680209698557
"2614",26,13,-0.687680209698557
"2615",26,14,-0.487680209698558
"2620",26,19,-0.387680209698559
"2621",26,20,-0.187680209698557
"2622",26,21,-0.187680209698557
"2623",26,22,-0.287680209698557
"2624",26,23,-0.387680209698559
"2625",26,24,-0.387680209698559
"2626",26,25,-0.587680209698558
"2627",26,26,-0.687680209698557
"2628",26,27,-0.887680209698559
"2629",26,28,-0.987680209698558
"2630",26,29,-0.987680209698558
"2631",26,30,-0.787680209698557
"2632",26,31,-0.787680209698557
"2633",26,32,-0.787680209698557
"2634",26,33,-0.887680209698559
"2635",26,34,-0.787680209698557
"2636",26,35,-0.687680209698557
"2637",26,36,-0.687680209698557
"2656",26,55,-0.787680209698557
"2657",26,56,-0.687680209698557
"2658",26,57,-0.587680209698558
"2659",26,58,-0.487680209698558
"2660",26,59,-0.387680209698559
"2661",26,60,-0.287680209698557
"2662",26,61,-0.487680209698558
"2663",26,62,-0.487680209698558
"2664",26,63,-0.487680209698558
"2665",26,64,-0.387680209698559
"2666",26,65,-0.387680209698559
"2667",26,66,-0.187680209698557
"2668",26,67,-0.0876802096985578
"2669",26,68,-0.0876802096985578
"2670",26,69,-0.187680209698557
"2671",26,70,-0.187680209698557
"2672",26,71,0.112319790301441
"2673",26,72,0.112319790301441
"2674",26,73,0.112319790301441
"2675",26,74,0.312319790301443
"2676",26,75,0.212319790301443
"2677",26,76,0.312319790301443
"2678",26,77,0.312319790301443
"2679",26,78,0.212319790301443
"2680",26,79,0.112319790301441
"2681",26,80,0.312319790301443
"2682",26,81,0.212319790301443
"2683",26,82,-0.187680209698557
"2684",26,83,-0.387680209698559
"2685",26,84,-0.587680209698558
"2686",26,85,-0.787680209698557
"2687",26,86,-0.887680209698559
"2688",26,87,-0.887680209698559
"2689",26,88,-1.08768020969856
"2690",26,89,-1.28768020969856
"2691",26,90,-1.48768020969856
"2692",26,91,-1.48768020969856
"2693",26,92,-1.48768020969856
"2694",26,93,-1.88768020969856
"2695",26,94,-1.98768020969856
"2696",26,95,-2.28768020969856
"2705",27,4,-1.18768020969856
"2706",27,5,-0.987680209698558
"2707",27,6,-0.787680209698557
"2708",27,7,-0.587680209698558
"2709",27,8,-0.487680209698558
"2710",27,9,-0.587680209698558
"2711",27,10,-0.587680209698558
"2712",27,11,-0.687680209698557
"2713",27,12,-0.687680209698557
"2714",27,13,-0.487680209698558
"2715",27,14,-0.387680209698559
"2720",27,19,-0.187680209698557
"2721",27,20,0.0123197903014418
"2722",27,21,0.112319790301441
"2723",27,22,0.0123197903014418
"2724",27,23,-0.187680209698557
"2725",27,24,-0.187680209698557
"2726",27,25,-0.387680209698559
"2727",27,26,-0.387680209698559
"2728",27,27,-0.587680209698558
"2729",27,28,-0.587680209698558
"2730",27,29,-0.687680209698557
"2731",27,30,-0.687680209698557
"2732",27,31,-0.687680209698557
"2733",27,32,-0.687680209698557
"2734",27,33,-0.587680209698558
"2735",27,34,-0.687680209698557
"2736",27,35,-0.787680209698557
"2737",27,36,-0.787680209698557
"2738",27,37,-0.887680209698559
"2755",27,54,-0.687680209698557
"2756",27,55,-0.487680209698558
"2757",27,56,-0.387680209698559
"2758",27,57,-0.387680209698559
"2759",27,58,-0.287680209698557
"2760",27,59,-0.387680209698559
"2761",27,60,-0.287680209698557
"2762",27,61,-0.387680209698559
"2763",27,62,-0.387680209698559
"2764",27,63,-0.387680209698559
"2765",27,64,-0.387680209698559
"2766",27,65,-0.287680209698557
"2767",27,66,-0.0876802096985578
"2768",27,67,-0.0876802096985578
"2769",27,68,0.0123197903014418
"2770",27,69,-0.187680209698557
"2771",27,70,0.0123197903014418
"2772",27,71,0.0123197903014418
"2773",27,72,0.112319790301441
"2774",27,73,0.312319790301443
"2775",27,74,0.212319790301443
"2776",27,75,0.312319790301443
"2777",27,76,0.312319790301443
"2778",27,77,0.512319790301442
"2779",27,78,0.512319790301442
"2780",27,79,0.312319790301443
"2781",27,80,0.212319790301443
"2782",27,81,0.312319790301443
"2783",27,82,0.112319790301441
"2784",27,83,-0.0876802096985578
"2785",27,84,-0.487680209698558
"2787",27,86,-0.987680209698558
"2788",27,87,-0.987680209698558
"2789",27,88,-1.18768020969856
"2790",27,89,-1.28768020969856
"2791",27,90,-1.38768020969856
"2792",27,91,-1.48768020969856
"2793",27,92,-1.58768020969856
"2794",27,93,-1.78768020969856
"2795",27,94,-1.98768020969856
"2796",27,95,-2.18768020969856
"2806",28,5,-0.987680209698558
"2807",28,6,-0.787680209698557
"2808",28,7,-0.587680209698558
"2809",28,8,-0.587680209698558
"2810",28,9,-0.587680209698558
"2811",28,10,-0.487680209698558
"2812",28,11,-0.487680209698558
"2813",28,12,-0.487680209698558
"2814",28,13,-0.487680209698558
"2815",28,14,-0.287680209698557
"2819",28,18,-0.0876802096985578
"2820",28,19,0.212319790301443
"2821",28,20,0.212319790301443
"2822",28,21,0.212319790301443
"2823",28,22,0.212319790301443
"2824",28,23,0.0123197903014418
"2825",28,24,-0.187680209698557
"2826",28,25,-0.187680209698557
"2827",28,26,-0.287680209698557
"2828",28,27,-0.387680209698559
"2829",28,28,-0.487680209698558
"2830",28,29,-0.487680209698558
"2831",28,30,-0.587680209698558
"2832",28,31,-0.487680209698558
"2833",28,32,-0.387680209698559
"2834",28,33,-0.487680209698558
"2835",28,34,-0.487680209698558
"2836",28,35,-0.687680209698557
"2837",28,36,-0.687680209698557
"2838",28,37,-0.787680209698557
"2856",28,55,-0.587680209698558
"2857",28,56,-0.287680209698557
"2858",28,57,-0.387680209698559
"2859",28,58,-0.287680209698557
"2860",28,59,-0.387680209698559
"2861",28,60,-0.287680209698557
"2862",28,61,-0.287680209698557
"2863",28,62,-0.387680209698559
"2864",28,63,-0.487680209698558
"2865",28,64,-0.287680209698557
"2866",28,65,-0.287680209698557
"2867",28,66,-0.187680209698557
"2868",28,67,-0.0876802096985578
"2869",28,68,-0.0876802096985578
"2870",28,69,0.0123197903014418
"2871",28,70,0.0123197903014418
"2872",28,71,0.0123197903014418
"2873",28,72,0.112319790301441
"2874",28,73,0.312319790301443
"2875",28,74,0.412319790301442
"2876",28,75,0.412319790301442
"2877",28,76,0.412319790301442
"2878",28,77,0.612319790301441
"2879",28,78,0.712319790301443
"2880",28,79,0.612319790301441
"2881",28,80,0.512319790301442
"2882",28,81,0.312319790301443
"2883",28,82,0.112319790301441
"2884",28,83,0.0123197903014418
"2885",28,84,-0.287680209698557
"2886",28,85,-0.687680209698557
"2888",28,87,-0.987680209698558
"2891",28,90,-1.38768020969856
"2892",28,91,-1.38768020969856
"2893",28,92,-1.58768020969856
"2894",28,93,-1.68768020969856
"2895",28,94,-1.98768020969856
"2896",28,95,-2.08768020969856
"2897",28,96,-2.28768020969856
"2908",29,7,-0.587680209698558
"2909",29,8,-0.587680209698558
"2910",29,9,-0.587680209698558
"2911",29,10,-0.387680209698559
"2912",29,11,-0.387680209698559
"2913",29,12,-0.487680209698558
"2914",29,13,-0.287680209698557
"2915",29,14,-0.387680209698559
"2918",29,17,-0.0876802096985578
"2919",29,18,0.112319790301441
"2920",29,19,0.312319790301443
"2921",29,20,0.312319790301443
"2922",29,21,0.412319790301442
"2923",29,22,0.312319790301443
"2924",29,23,0.112319790301441
"2925",29,24,0.0123197903014418
"2926",29,25,0.0123197903014418
"2927",29,26,-0.0876802096985578
"2928",29,27,-0.187680209698557
"2929",29,28,-0.387680209698559
"2930",29,29,-0.387680209698559
"2931",29,30,-0.287680209698557
"2932",29,31,-0.287680209698557
"2933",29,32,-0.287680209698557
"2934",29,33,-0.487680209698558
"2935",29,34,-0.487680209698558
"2936",29,35,-0.487680209698558
"2937",29,36,-0.587680209698558
"2938",29,37,-0.687680209698557
"2957",29,56,-0.387680209698559
"2958",29,57,-0.287680209698557
"2959",29,58,-0.287680209698557
"2960",29,59,-0.187680209698557
"2961",29,60,-0.187680209698557
"2962",29,61,-0.187680209698557
"2963",29,62,-0.387680209698559
"2964",29,63,-0.487680209698558
"2965",29,64,-0.287680209698557
"2966",29,65,-0.287680209698557
"2967",29,66,-0.187680209698557
"2968",29,67,-0.187680209698557
"2969",29,68,-0.0876802096985578
"2970",29,69,0.0123197903014418
"2971",29,70,0.112319790301441
"2972",29,71,0.112319790301441
"2973",29,72,0.112319790301441
"2974",29,73,0.212319790301443
"2975",29,74,0.312319790301443
"2976",29,75,0.512319790301442
"2977",29,76,0.612319790301441
"2978",29,77,0.712319790301443
"2979",29,78,0.812319790301443
"2980",29,79,0.912319790301442
"2981",29,80,0.612319790301441
"2982",29,81,0.312319790301443
"2983",29,82,0.212319790301443
"2984",29,83,0.0123197903014418
"2985",29,84,-0.287680209698557
"2986",29,85,-0.587680209698558
"2992",29,91,-1.38768020969856
"2993",29,92,-1.38768020969856
"2994",29,93,-1.68768020969856
"2995",29,94,-1.88768020969856
"2996",29,95,-1.98768020969856
"2997",29,96,-2.18768020969856
"3009",30,8,-0.487680209698558
"3010",30,9,-0.487680209698558
"3011",30,10,-0.387680209698559
"3012",30,11,-0.387680209698559
"3013",30,12,-0.287680209698557
"3014",30,13,-0.287680209698557
"3018",30,17,0.0123197903014418
"3019",30,18,0.112319790301441
"3020",30,19,0.412319790301442
"3021",30,20,0.412319790301442
"3022",30,21,0.512319790301442
"3023",30,22,0.412319790301442
"3024",30,23,0.412319790301442
"3025",30,24,0.212319790301443
"3026",30,25,0.212319790301443
"3027",30,26,0.112319790301441
"3028",30,27,0.0123197903014418
"3029",30,28,0.0123197903014418
"3030",30,29,-0.187680209698557
"3031",30,30,-0.0876802096985578
"3032",30,31,-0.187680209698557
"3033",30,32,-0.187680209698557
"3034",30,33,-0.0876802096985578
"3035",30,34,-0.287680209698557
"3036",30,35,-0.387680209698559
"3037",30,36,-0.487680209698558
"3038",30,37,-0.487680209698558
"3051",30,50,-0.587680209698558
"3052",30,51,-0.387680209698559
"3053",30,52,-0.487680209698558
"3054",30,53,-0.487680209698558
"3058",30,57,-0.287680209698557
"3059",30,58,-0.187680209698557
"3060",30,59,-0.187680209698557
"3061",30,60,-0.287680209698557
"3062",30,61,-0.287680209698557
"3063",30,62,-0.187680209698557
"3064",30,63,-0.387680209698559
"3065",30,64,-0.287680209698557
"3066",30,65,-0.287680209698557
"3067",30,66,-0.287680209698557
"3068",30,67,-0.187680209698557
"3069",30,68,-0.187680209698557
"3070",30,69,-0.187680209698557
"3071",30,70,0.0123197903014418
"3072",30,71,0.112319790301441
"3073",30,72,0.212319790301443
"3074",30,73,0.312319790301443
"3075",30,74,0.412319790301442
"3076",30,75,0.512319790301442
"3077",30,76,0.512319790301442
"3078",30,77,0.812319790301443
"3079",30,78,0.812319790301443
"3080",30,79,0.812319790301443
"3081",30,80,0.812319790301443
"3082",30,81,0.412319790301442
"3083",30,82,0.212319790301443
"3084",30,83,0.112319790301441
"3085",30,84,-0.187680209698557
"3086",30,85,-0.387680209698559
"3093",30,92,-1.48768020969856
"3094",30,93,-1.68768020969856
"3095",30,94,-1.78768020969856
"3096",30,95,-1.98768020969856
"3097",30,96,-2.08768020969856
"3110",31,9,-0.287680209698557
"3111",31,10,-0.187680209698557
"3112",31,11,-0.0876802096985578
"3113",31,12,-0.287680209698557
"3114",31,13,-0.0876802096985578
"3118",31,17,0.112319790301441
"3119",31,18,0.212319790301443
"3120",31,19,0.412319790301442
"3121",31,20,0.512319790301442
"3122",31,21,0.512319790301442
"3123",31,22,0.412319790301442
"3124",31,23,0.412319790301442
"3125",31,24,0.312319790301443
"3126",31,25,0.312319790301443
"3127",31,26,0.312319790301443
"3128",31,27,0.312319790301443
"3129",31,28,0.212319790301443
"3130",31,29,0.112319790301441
"3131",31,30,0.112319790301441
"3132",31,31,0.0123197903014418
"3133",31,32,0.0123197903014418
"3134",31,33,0.0123197903014418
"3135",31,34,-0.0876802096985578
"3136",31,35,-0.187680209698557
"3137",31,36,-0.187680209698557
"3138",31,37,-0.287680209698557
"3149",31,48,-0.387680209698559
"3150",31,49,-0.487680209698558
"3151",31,50,-0.487680209698558
"3152",31,51,-0.287680209698557
"3153",31,52,-0.387680209698559
"3154",31,53,-0.287680209698557
"3155",31,54,-0.287680209698557
"3156",31,55,-0.287680209698557
"3157",31,56,-0.287680209698557
"3158",31,57,-0.187680209698557
"3159",31,58,-0.287680209698557
"3160",31,59,-0.287680209698557
"3161",31,60,-0.187680209698557
"3162",31,61,-0.187680209698557
"3163",31,62,-0.0876802096985578
"3164",31,63,-0.287680209698557
"3165",31,64,-0.287680209698557
"3166",31,65,-0.187680209698557
"3167",31,66,-0.287680209698557
"3168",31,67,-0.287680209698557
"3169",31,68,-0.187680209698557
"3170",31,69,-0.287680209698557
"3171",31,70,-0.0876802096985578
"3172",31,71,0.112319790301441
"3173",31,72,0.212319790301443
"3174",31,73,0.412319790301442
"3175",31,74,0.412319790301442
"3176",31,75,0.412319790301442
"3177",31,76,0.512319790301442
"3178",31,77,0.712319790301443
"3179",31,78,0.812319790301443
"3180",31,79,0.612319790301441
"3181",31,80,0.712319790301443
"3182",31,81,0.412319790301442
"3183",31,82,0.312319790301443
"3184",31,83,0.0123197903014418
"3185",31,84,-0.0876802096985578
"3186",31,85,-0.387680209698559
"3187",31,86,-0.487680209698558
"3194",31,93,-1.68768020969856
"3195",31,94,-1.88768020969856
"3196",31,95,-2.08768020969856
"3197",31,96,-2.28768020969856
"3210",32,9,-0.387680209698559
"3211",32,10,-0.187680209698557
"3212",32,11,-0.0876802096985578
"3213",32,12,-0.0876802096985578
"3214",32,13,0.0123197903014418
"3215",32,14,0.0123197903014418
"3219",32,18,0.312319790301443
"3220",32,19,0.412319790301442
"3221",32,20,0.612319790301441
"3222",32,21,0.712319790301443
"3223",32,22,0.712319790301443
"3224",32,23,0.712319790301443
"3225",32,24,0.512319790301442
"3226",32,25,0.512319790301442
"3227",32,26,0.512319790301442
"3228",32,27,0.512319790301442
"3229",32,28,0.412319790301442
"3230",32,29,0.412319790301442
"3231",32,30,0.312319790301443
"3232",32,31,0.212319790301443
"3233",32,32,0.212319790301443
"3234",32,33,0.212319790301443
"3235",32,34,0.112319790301441
"3236",32,35,0.0123197903014418
"3237",32,36,-0.0876802096985578
"3238",32,37,-0.0876802096985578
"3239",32,38,-0.0876802096985578
"3248",32,47,-0.287680209698557
"3249",32,48,-0.387680209698559
"3250",32,49,-0.387680209698559
"3251",32,50,-0.187680209698557
"3252",32,51,-0.187680209698557
"3253",32,52,-0.287680209698557
"3254",32,53,-0.187680209698557
"3255",32,54,-0.287680209698557
"3256",32,55,-0.287680209698557
"3257",32,56,-0.287680209698557
"3258",32,57,-0.187680209698557
"3259",32,58,-0.187680209698557
"3260",32,59,-0.0876802096985578
"3261",32,60,-0.187680209698557
"3262",32,61,-0.0876802096985578
"3263",32,62,0.0123197903014418
"3264",32,63,-0.0876802096985578
"3265",32,64,-0.187680209698557
"3266",32,65,-0.187680209698557
"3267",32,66,-0.287680209698557
"3268",32,67,-0.387680209698559
"3270",32,69,-0.187680209698557
"3271",32,70,-0.187680209698557
"3272",32,71,0.0123197903014418
"3273",32,72,0.212319790301443
"3274",32,73,0.212319790301443
"3275",32,74,0.212319790301443
"3276",32,75,0.212319790301443
"3277",32,76,0.512319790301442
"3278",32,77,0.612319790301441
"3279",32,78,0.612319790301441
"3280",32,79,0.412319790301442
"3281",32,80,0.512319790301442
"3282",32,81,0.512319790301442
"3283",32,82,0.112319790301441
"3284",32,83,0.0123197903014418
"3285",32,84,-0.287680209698557
"3286",32,85,-0.387680209698559
"3287",32,86,-0.687680209698557
"3294",32,93,-1.78768020969856
"3295",32,94,-1.88768020969856
"3296",32,95,-2.08768020969856
"3297",32,96,-2.18768020969856
"3300",32,99,-2.38768020969856
"3312",33,9,-0.287680209698557
"3313",33,10,-0.187680209698557
"3314",33,11,-0.0876802096985578
"3315",33,12,0.0123197903014418
"3316",33,13,0.0123197903014418
"3317",33,14,0.112319790301441
"3318",33,15,0.212319790301443
"3319",33,16,0.212319790301443
"3321",33,18,0.312319790301443
"3322",33,19,0.412319790301442
"3323",33,20,0.512319790301442
"3324",33,21,0.512319790301442
"3325",33,22,0.712319790301443
"3326",33,23,0.612319790301441
"3327",33,24,0.512319790301442
"3328",33,25,0.612319790301441
"3329",33,26,0.612319790301441
"3330",33,27,0.512319790301442
"3331",33,28,0.612319790301441
"3332",33,29,0.612319790301441
"3333",33,30,0.512319790301442
"3334",33,31,0.412319790301442
"3335",33,32,0.312319790301443
"3336",33,33,0.212319790301443
"3337",33,34,0.212319790301443
"3338",33,35,0.112319790301441
"3339",33,36,0.112319790301441
"3340",33,37,0.212319790301443
"3341",33,38,0.112319790301441
"3342",33,39,0.0123197903014418
"3343",33,40,0.0123197903014418
"3344",33,41,-0.0876802096985578
"3346",33,43,-0.0876802096985578
"3347",33,44,-0.0876802096985578
"3350",33,47,-0.187680209698557
"3351",33,48,-0.287680209698557
"3352",33,49,-0.387680209698559
"3353",33,50,-0.287680209698557
"3354",33,51,-0.0876802096985578
"3355",33,52,0.0123197903014418
"3356",33,53,-0.0876802096985578
"3357",33,54,-0.0876802096985578
"3358",33,55,-0.187680209698557
"3359",33,56,-0.187680209698557
"3360",33,57,-0.187680209698557
"3361",33,58,-0.0876802096985578
"3362",33,59,-0.0876802096985578
"3363",33,60,-0.0876802096985578
"3364",33,61,0.0123197903014418
"3365",33,62,-0.0876802096985578
"3366",33,63,0.0123197903014418
"3367",33,64,0.112319790301441
"3368",33,65,-0.0876802096985578
"3369",33,66,-0.287680209698557
"3373",33,70,-0.287680209698557
"3374",33,71,-0.0876802096985578
"3375",33,72,-0.0876802096985578
"3376",33,73,0.0123197903014418
"3377",33,74,0.0123197903014418
"3378",33,75,0.0123197903014418
"3379",33,76,0.112319790301441
"3380",33,77,0.412319790301442
"3381",33,78,0.412319790301442
"3382",33,79,0.312319790301443
"3383",33,80,0.212319790301443
"3384",33,81,0.112319790301441
"3385",33,82,-0.0876802096985578
"3386",33,83,-0.187680209698557
"3387",33,84,-0.387680209698559
"3388",33,85,-0.487680209698558
"3389",33,86,-0.687680209698557
"3397",33,94,-2.08768020969856
"3398",33,95,-2.18768020969856
"3399",33,96,-2.28768020969856
"3415",34,9,-0.287680209698557
"3416",34,10,-0.0876802096985578
"3417",34,11,0.0123197903014418
"3418",34,12,0.112319790301441
"3419",34,13,0.212319790301443
"3420",34,14,0.212319790301443
"3421",34,15,0.312319790301443
"3422",34,16,0.312319790301443
"3423",34,17,0.412319790301442
"3425",34,19,0.512319790301442
"3426",34,20,0.612319790301441
"3427",34,21,0.712319790301443
"3428",34,22,0.712319790301443
"3429",34,23,0.612319790301441
"3430",34,24,0.612319790301441
"3431",34,25,0.712319790301443
"3432",34,26,0.712319790301443
"3433",34,27,0.712319790301443
"3434",34,28,0.712319790301443
"3435",34,29,0.712319790301443
"3436",34,30,0.612319790301441
"3437",34,31,0.512319790301442
"3438",34,32,0.512319790301442
"3439",34,33,0.512319790301442
"3440",34,34,0.312319790301443
"3441",34,35,0.312319790301443
"3442",34,36,0.212319790301443
"3443",34,37,0.312319790301443
"3444",34,38,0.312319790301443
"3445",34,39,0.212319790301443
"3446",34,40,0.112319790301441
"3447",34,41,0.0123197903014418
"3448",34,42,0.0123197903014418
"3449",34,43,0.0123197903014418
"3450",34,44,-0.0876802096985578
"3451",34,45,0.0123197903014418
"3452",34,46,0.0123197903014418
"3453",34,47,0.0123197903014418
"3454",34,48,-0.0876802096985578
"3455",34,49,-0.287680209698557
"3456",34,50,-0.0876802096985578
"3457",34,51,0.0123197903014418
"3458",34,52,-0.0876802096985578
"3459",34,53,0.0123197903014418
"3460",34,54,0.0123197903014418
"3461",34,55,-0.0876802096985578
"3462",34,56,-0.0876802096985578
"3463",34,57,-0.0876802096985578
"3464",34,58,-0.0876802096985578
"3465",34,59,0.0123197903014418
"3466",34,60,0.0123197903014418
"3467",34,61,0.0123197903014418
"3468",34,62,0.112319790301441
"3469",34,63,0.0123197903014418
"3470",34,64,0.0123197903014418
"3471",34,65,-0.0876802096985578
"3472",34,66,-0.287680209698557
"3473",34,67,-0.387680209698559
"3476",34,70,-0.387680209698559
"3477",34,71,-0.387680209698559
"3478",34,72,-0.187680209698557
"3479",34,73,-0.187680209698557
"3480",34,74,-0.187680209698557
"3481",34,75,-0.0876802096985578
"3482",34,76,0.0123197903014418
"3483",34,77,0.0123197903014418
"3484",34,78,0.112319790301441
"3485",34,79,-0.0876802096985578
"3486",34,80,-0.0876802096985578
"3487",34,81,-0.287680209698557
"3488",34,82,-0.287680209698557
"3489",34,83,-0.487680209698558
"3490",34,84,-0.587680209698558
"3491",34,85,-0.687680209698557
"3492",34,86,-0.887680209698559
"3515",35,8,-0.287680209698557
"3516",35,9,-0.187680209698557
"3517",35,10,0.0123197903014418
"3518",35,11,0.112319790301441
"3519",35,12,0.312319790301443
"3520",35,13,0.312319790301443
"3521",35,14,0.412319790301442
"3522",35,15,0.512319790301442
"3523",35,16,0.412319790301442
"3524",35,17,0.412319790301442
"3525",35,18,0.512319790301442
"3526",35,19,0.712319790301443
"3527",35,20,0.712319790301443
"3528",35,21,0.812319790301443
"3529",35,22,0.612319790301441
"3530",35,23,0.712319790301443
"3531",35,24,0.812319790301443
"3532",35,25,0.712319790301443
"3533",35,26,0.812319790301443
"3534",35,27,0.812319790301443
"3535",35,28,0.812319790301443
"3536",35,29,0.712319790301443
"3537",35,30,0.612319790301441
"3538",35,31,0.512319790301442
"3539",35,32,0.512319790301442
"3540",35,33,0.512319790301442
"3541",35,34,0.512319790301442
"3542",35,35,0.312319790301443
"3543",35,36,0.412319790301442
"3544",35,37,0.312319790301443
"3545",35,38,0.312319790301443
"3546",35,39,0.312319790301443
"3547",35,40,0.212319790301443
"3548",35,41,0.112319790301441
"3549",35,42,0.112319790301441
"3550",35,43,0.0123197903014418
"3551",35,44,0.112319790301441
"3552",35,45,0.112319790301441
"3553",35,46,0.112319790301441
"3554",35,47,0.112319790301441
"3555",35,48,0.0123197903014418
"3556",35,49,-0.0876802096985578
"3557",35,50,0.0123197903014418
"3558",35,51,0.112319790301441
"3559",35,52,-0.0876802096985578
"3560",35,53,0.0123197903014418
"3561",35,54,0.112319790301441
"3562",35,55,0.112319790301441
"3563",35,56,0.0123197903014418
"3564",35,57,-0.0876802096985578
"3565",35,58,0.0123197903014418
"3566",35,59,-0.0876802096985578
"3567",35,60,0.0123197903014418
"3568",35,61,0.0123197903014418
"3569",35,62,0.112319790301441
"3570",35,63,0.0123197903014418
"3571",35,64,0.0123197903014418
"3572",35,65,-0.0876802096985578
"3573",35,66,-0.187680209698557
"3574",35,67,-0.487680209698558
"3575",35,68,-0.487680209698558
"3577",35,70,-0.587680209698558
"3578",35,71,-0.587680209698558
"3580",35,73,-0.487680209698558
"3581",35,74,-0.387680209698559
"3582",35,75,-0.487680209698558
"3583",35,76,-0.487680209698558
"3584",35,77,-0.387680209698559
"3585",35,78,-0.287680209698557
"3586",35,79,-0.487680209698558
"3587",35,80,-0.487680209698558
"3588",35,81,-0.587680209698558
"3589",35,82,-0.787680209698557
"3590",35,83,-0.787680209698557
"3591",35,84,-0.787680209698557
"3592",35,85,-0.887680209698559
"3593",35,86,-0.987680209698558
"3616",36,8,-0.387680209698559
"3617",36,9,-0.187680209698557
"3618",36,10,0.0123197903014418
"3619",36,11,0.212319790301443
"3620",36,12,0.412319790301442
"3621",36,13,0.412319790301442
"3622",36,14,0.512319790301442
"3623",36,15,0.612319790301441
"3624",36,16,0.512319790301442
"3625",36,17,0.612319790301441
"3626",36,18,0.712319790301443
"3627",36,19,0.712319790301443
"3628",36,20,0.812319790301443
"3629",36,21,0.912319790301442
"3630",36,22,0.912319790301442
"3631",36,23,0.812319790301443
"3632",36,24,0.912319790301442
"3633",36,25,0.912319790301442
"3634",36,26,0.912319790301442
"3635",36,27,0.812319790301443
"3636",36,28,0.812319790301443
"3637",36,29,0.812319790301443
"3638",36,30,0.712319790301443
"3639",36,31,0.612319790301441
"3640",36,32,0.612319790301441
"3641",36,33,0.612319790301441
"3642",36,34,0.512319790301442
"3643",36,35,0.412319790301442
"3644",36,36,0.412319790301442
"3645",36,37,0.512319790301442
"3646",36,38,0.412319790301442
"3647",36,39,0.312319790301443
"3648",36,40,0.212319790301443
"3649",36,41,0.212319790301443
"3650",36,42,0.112319790301441
"3651",36,43,0.0123197903014418
"3652",36,44,0.0123197903014418
"3653",36,45,0.112319790301441
"3654",36,46,0.112319790301441
"3655",36,47,0.112319790301441
"3656",36,48,0.112319790301441
"3657",36,49,0.112319790301441
"3658",36,50,0.112319790301441
"3659",36,51,0.0123197903014418
"3660",36,52,0.212319790301443
"3661",36,53,0.212319790301443
"3662",36,54,0.312319790301443
"3663",36,55,0.212319790301443
"3664",36,56,0.0123197903014418
"3665",36,57,0.112319790301441
"3666",36,58,0.0123197903014418
"3667",36,59,0.0123197903014418
"3668",36,60,0.112319790301441
"3669",36,61,0.0123197903014418
"3670",36,62,0.0123197903014418
"3671",36,63,0.112319790301441
"3672",36,64,-0.0876802096985578
"3673",36,65,-0.0876802096985578
"3674",36,66,-0.187680209698557
"3675",36,67,-0.487680209698558
"3682",36,74,-0.787680209698557
"3683",36,75,-0.787680209698557
"3684",36,76,-0.687680209698557
"3685",36,77,-0.687680209698557
"3686",36,78,-0.587680209698558
"3687",36,79,-0.687680209698557
"3688",36,80,-0.887680209698559
"3689",36,81,-1.08768020969856
"3690",36,82,-1.18768020969856
"3691",36,83,-1.08768020969856
"3692",36,84,-1.08768020969856
"3693",36,85,-0.987680209698558
"3694",36,86,-1.08768020969856
"3716",37,8,-0.387680209698559
"3717",37,9,-0.187680209698557
"3718",37,10,0.0123197903014418
"3719",37,11,0.312319790301443
"3720",37,12,0.512319790301442
"3721",37,13,0.612319790301441
"3722",37,14,0.612319790301441
"3723",37,15,0.712319790301443
"3724",37,16,0.812319790301443
"3725",37,17,0.712319790301443
"3726",37,18,0.712319790301443
"3727",37,19,0.812319790301443
"3728",37,20,0.912319790301442
"3729",37,21,1.01231979030144
"3730",37,22,1.01231979030144
"3731",37,23,1.01231979030144
"3732",37,24,1.11231979030144
"3733",37,25,1.01231979030144
"3734",37,26,0.912319790301442
"3735",37,27,0.912319790301442
"3736",37,28,0.912319790301442
"3737",37,29,0.812319790301443
"3738",37,30,0.812319790301443
"3739",37,31,0.712319790301443
"3740",37,32,0.612319790301441
"3741",37,33,0.512319790301442
"3742",37,34,0.612319790301441
"3743",37,35,0.512319790301442
"3744",37,36,0.412319790301442
"3745",37,37,0.512319790301442
"3746",37,38,0.412319790301442
"3747",37,39,0.412319790301442
"3748",37,40,0.212319790301443
"3749",37,41,0.212319790301443
"3750",37,42,0.312319790301443
"3751",37,43,0.112319790301441
"3752",37,44,0.112319790301441
"3753",37,45,0.112319790301441
"3754",37,46,0.112319790301441
"3755",37,47,0.212319790301443
"3756",37,48,0.112319790301441
"3757",37,49,0.312319790301443
"3758",37,50,0.112319790301441
"3759",37,51,0.112319790301441
"3760",37,52,0.412319790301442
"3761",37,53,0.412319790301442
"3762",37,54,0.312319790301443
"3763",37,55,0.312319790301443
"3764",37,56,0.112319790301441
"3765",37,57,0.112319790301441
"3766",37,58,0.0123197903014418
"3767",37,59,0.112319790301441
"3768",37,60,0.0123197903014418
"3769",37,61,0.0123197903014418
"3770",37,62,0.0123197903014418
"3771",37,63,0.0123197903014418
"3772",37,64,-0.0876802096985578
"3773",37,65,-0.287680209698557
"3774",37,66,-0.387680209698559
"3784",37,76,-0.887680209698559
"3785",37,77,-0.887680209698559
"3786",37,78,-0.987680209698558
"3787",37,79,-1.08768020969856
"3788",37,80,-1.08768020969856
"3789",37,81,-1.38768020969856
"3790",37,82,-1.48768020969856
"3791",37,83,-1.38768020969856
"3792",37,84,-1.28768020969856
"3793",37,85,-1.18768020969856
"3816",38,8,-0.287680209698557
"3817",38,9,-0.187680209698557
"3818",38,10,0.112319790301441
"3819",38,11,0.412319790301442
"3820",38,12,0.512319790301442
"3821",38,13,0.612319790301441
"3822",38,14,0.812319790301443
"3823",38,15,0.812319790301443
"3824",38,16,0.812319790301443
"3825",38,17,0.812319790301443
"3826",38,18,0.812319790301443
"3827",38,19,0.912319790301442
"3828",38,20,1.11231979030144
"3829",38,21,1.11231979030144
"3830",38,22,1.21231979030144
"3831",38,23,1.21231979030144
"3832",38,24,1.11231979030144
"3833",38,25,1.11231979030144
"3834",38,26,1.01231979030144
"3835",38,27,0.912319790301442
"3836",38,28,1.01231979030144
"3837",38,29,0.912319790301442
"3838",38,30,0.812319790301443
"3839",38,31,0.712319790301443
"3840",38,32,0.612319790301441
"3841",38,33,0.512319790301442
"3842",38,34,0.512319790301442
"3843",38,35,0.512319790301442
"3844",38,36,0.512319790301442
"3845",38,37,0.512319790301442
"3846",38,38,0.412319790301442
"3847",38,39,0.312319790301443
"3848",38,40,0.312319790301443
"3849",38,41,0.312319790301443
"3850",38,42,0.312319790301443
"3851",38,43,0.212319790301443
"3852",38,44,0.212319790301443
"3853",38,45,0.212319790301443
"3854",38,46,0.212319790301443
"3855",38,47,0.212319790301443
"3856",38,48,0.212319790301443
"3857",38,49,0.312319790301443
"3858",38,50,0.412319790301442
"3859",38,51,0.312319790301443
"3860",38,52,0.412319790301442
"3861",38,53,0.412319790301442
"3862",38,54,0.512319790301442
"3863",38,55,0.312319790301443
"3864",38,56,0.112319790301441
"3865",38,57,0.112319790301441
"3866",38,58,0.0123197903014418
"3867",38,59,-0.0876802096985578
"3868",38,60,-0.0876802096985578
"3869",38,61,-0.0876802096985578
"3870",38,62,-0.187680209698557
"3871",38,63,-0.187680209698557
"3872",38,64,-0.287680209698557
"3873",38,65,-0.487680209698558
"3874",38,66,-0.587680209698558
"3885",38,77,-1.08768020969856
"3886",38,78,-1.08768020969856
"3887",38,79,-1.18768020969856
"3888",38,80,-1.28768020969856
"3889",38,81,-1.38768020969856
"3890",38,82,-1.68768020969856
"3891",38,83,-1.48768020969856
"3892",38,84,-1.28768020969856
"3893",38,85,-1.28768020969856
"3894",38,86,-1.38768020969856
"3916",39,8,-0.287680209698557
"3917",39,9,-0.0876802096985578
"3918",39,10,0.212319790301443
"3919",39,11,0.512319790301442
"3920",39,12,0.712319790301443
"3921",39,13,0.812319790301443
"3922",39,14,0.912319790301442
"3923",39,15,0.912319790301442
"3924",39,16,0.912319790301442
"3925",39,17,0.912319790301442
"3926",39,18,0.912319790301442
"3927",39,19,1.01231979030144
"3928",39,20,1.21231979030144
"3929",39,21,1.31231979030144
"3930",39,22,1.31231979030144
"3931",39,23,1.31231979030144
"3932",39,24,1.21231979030144
"3933",39,25,1.21231979030144
"3934",39,26,1.11231979030144
"3935",39,27,1.11231979030144
"3936",39,28,1.11231979030144
"3937",39,29,1.11231979030144
"3938",39,30,0.912319790301442
"3939",39,31,0.812319790301443
"3940",39,32,0.612319790301441
"3941",39,33,0.512319790301442
"3942",39,34,0.412319790301442
"3943",39,35,0.612319790301441
"3944",39,36,0.512319790301442
"3945",39,37,0.512319790301442
"3946",39,38,0.512319790301442
"3947",39,39,0.512319790301442
"3948",39,40,0.512319790301442
"3949",39,41,0.512319790301442
"3950",39,42,0.412319790301442
"3951",39,43,0.312319790301443
"3952",39,44,0.212319790301443
"3953",39,45,0.212319790301443
"3954",39,46,0.212319790301443
"3955",39,47,0.212319790301443
"3956",39,48,0.312319790301443
"3957",39,49,0.312319790301443
"3958",39,50,0.312319790301443
"3959",39,51,0.312319790301443
"3960",39,52,0.312319790301443
"3961",39,53,0.312319790301443
"3962",39,54,0.412319790301442
"3963",39,55,0.112319790301441
"3964",39,56,0.0123197903014418
"3965",39,57,-0.0876802096985578
"3966",39,58,-0.0876802096985578
"3967",39,59,-0.187680209698557
"3968",39,60,-0.287680209698557
"3969",39,61,-0.0876802096985578
"3970",39,62,-0.187680209698557
"3971",39,63,-0.287680209698557
"3972",39,64,-0.587680209698558
"3973",39,65,-0.787680209698557
"3988",39,80,-1.18768020969856
"3989",39,81,-1.28768020969856
"3990",39,82,-1.48768020969856
"3991",39,83,-1.48768020969856
"3992",39,84,-1.58768020969856
"3993",39,85,-1.48768020969856
"3994",39,86,-1.68768020969856
"4017",40,9,0.0123197903014418
"4018",40,10,0.212319790301443
"4019",40,11,0.612319790301441
"4020",40,12,0.812319790301443
"4021",40,13,0.912319790301442
"4022",40,14,1.01231979030144
"4023",40,15,0.912319790301442
"4024",40,16,1.01231979030144
"4025",40,17,0.912319790301442
"4026",40,18,1.01231979030144
"4027",40,19,1.01231979030144
"4028",40,20,1.21231979030144
"4029",40,21,1.31231979030144
"4030",40,22,1.41231979030144
"4031",40,23,1.21231979030144
"4032",40,24,1.31231979030144
"4033",40,25,1.21231979030144
"4034",40,26,1.11231979030144
"4035",40,27,1.31231979030144
"4036",40,28,1.11231979030144
"4037",40,29,1.01231979030144
"4038",40,30,1.01231979030144
"4039",40,31,0.812319790301443
"4040",40,32,0.712319790301443
"4041",40,33,0.612319790301441
"4042",40,34,0.612319790301441
"4043",40,35,0.512319790301442
"4044",40,36,0.612319790301441
"4045",40,37,0.512319790301442
"4046",40,38,0.612319790301441
"4047",40,39,0.612319790301441
"4048",40,40,0.712319790301443
"4049",40,41,0.612319790301441
"4050",40,42,0.512319790301442
"4051",40,43,0.412319790301442
"4052",40,44,0.312319790301443
"4053",40,45,0.312319790301443
"4054",40,46,0.312319790301443
"4055",40,47,0.412319790301442
"4056",40,48,0.312319790301443
"4057",40,49,0.312319790301443
"4058",40,50,0.412319790301442
"4059",40,51,0.312319790301443
"4060",40,52,0.312319790301443
"4061",40,53,0.212319790301443
"4062",40,54,0.312319790301443
"4063",40,55,0.112319790301441
"4064",40,56,0.0123197903014418
"4065",40,57,-0.187680209698557
"4066",40,58,-0.287680209698557
"4067",40,59,-0.387680209698559
"4068",40,60,-0.387680209698559
"4069",40,61,-0.487680209698558
"4070",40,62,-0.487680209698558
"4071",40,63,-0.687680209698557
"4072",40,64,-0.787680209698557
"4091",40,83,-1.48768020969856
"4092",40,84,-1.58768020969856
"4093",40,85,-1.68768020969856
"4117",41,9,0.0123197903014418
"4118",41,10,0.312319790301443
"4119",41,11,0.612319790301441
"4120",41,12,0.812319790301443
"4121",41,13,0.912319790301442
"4122",41,14,1.11231979030144
"4123",41,15,1.01231979030144
"4124",41,16,1.01231979030144
"4125",41,17,1.01231979030144
"4126",41,18,1.01231979030144
"4127",41,19,1.01231979030144
"4128",41,20,1.21231979030144
"4129",41,21,1.31231979030144
"4130",41,22,1.41231979030144
"4131",41,23,1.31231979030144
"4132",41,24,1.21231979030144
"4133",41,25,1.21231979030144
"4134",41,26,1.11231979030144
"4135",41,27,1.11231979030144
"4136",41,28,1.11231979030144
"4137",41,29,1.11231979030144
"4138",41,30,0.912319790301442
"4139",41,31,0.912319790301442
"4140",41,32,0.712319790301443
"4141",41,33,0.712319790301443
"4142",41,34,0.612319790301441
"4143",41,35,0.512319790301442
"4144",41,36,0.512319790301442
"4145",41,37,0.712319790301443
"4146",41,38,0.712319790301443
"4147",41,39,0.812319790301443
"4148",41,40,0.712319790301443
"4149",41,41,0.612319790301441
"4150",41,42,0.612319790301441
"4151",41,43,0.512319790301442
"4152",41,44,0.512319790301442
"4153",41,45,0.412319790301442
"4154",41,46,0.412319790301442
"4155",41,47,0.412319790301442
"4156",41,48,0.312319790301443
"4157",41,49,0.312319790301443
"4158",41,50,0.312319790301443
"4159",41,51,0.312319790301443
"4160",41,52,0.312319790301443
"4161",41,53,0.212319790301443
"4162",41,54,0.112319790301441
"4163",41,55,0.0123197903014418
"4164",41,56,-0.0876802096985578
"4165",41,57,-0.287680209698557
"4166",41,58,-0.387680209698559
"4167",41,59,-0.487680209698558
"4168",41,60,-0.687680209698557
"4169",41,61,-0.587680209698558
"4170",41,62,-0.687680209698557
"4171",41,63,-0.687680209698557
"4217",42,9,0.0123197903014418
"4218",42,10,0.312319790301443
"4219",42,11,0.612319790301441
"4220",42,12,0.812319790301443
"4221",42,13,1.01231979030144
"4222",42,14,1.01231979030144
"4223",42,15,1.01231979030144
"4224",42,16,1.01231979030144
"4225",42,17,0.912319790301442
"4226",42,18,1.01231979030144
"4227",42,19,1.01231979030144
"4228",42,20,1.21231979030144
"4229",42,21,1.21231979030144
"4230",42,22,1.21231979030144
"4231",42,23,1.21231979030144
"4232",42,24,1.21231979030144
"4233",42,25,1.11231979030144
"4234",42,26,1.01231979030144
"4235",42,27,1.21231979030144
"4236",42,28,1.11231979030144
"4237",42,29,1.11231979030144
"4238",42,30,1.01231979030144
"4239",42,31,0.912319790301442
"4240",42,32,0.812319790301443
"4241",42,33,0.712319790301443
"4242",42,34,0.612319790301441
"4243",42,35,0.712319790301443
"4244",42,36,0.612319790301441
"4245",42,37,0.712319790301443
"4246",42,38,0.812319790301443
"4247",42,39,0.812319790301443
"4248",42,40,0.812319790301443
"4249",42,41,0.612319790301441
"4250",42,42,0.712319790301443
"4251",42,43,0.612319790301441
"4252",42,44,0.412319790301442
"4253",42,45,0.412319790301442
"4254",42,46,0.312319790301443
"4255",42,47,0.412319790301442
"4256",42,48,0.412319790301442
"4257",42,49,0.512319790301442
"4258",42,50,0.412319790301442
"4259",42,51,0.412319790301442
"4260",42,52,0.312319790301443
"4261",42,53,0.312319790301443
"4262",42,54,0.112319790301441
"4263",42,55,-0.0876802096985578
"4264",42,56,-0.287680209698557
"4265",42,57,-0.487680209698558
"4266",42,58,-0.587680209698558
"4267",42,59,-0.787680209698557
"4268",42,60,-0.687680209698557
"4269",42,61,-0.787680209698557
"4318",43,9,0.0123197903014418
"4319",43,10,0.312319790301443
"4320",43,11,0.612319790301441
"4321",43,12,0.812319790301443
"4322",43,13,0.912319790301442
"4323",43,14,1.01231979030144
"4324",43,15,1.01231979030144
"4325",43,16,1.01231979030144
"4326",43,17,1.01231979030144
"4327",43,18,1.01231979030144
"4328",43,19,1.01231979030144
"4329",43,20,1.11231979030144
"4330",43,21,1.21231979030144
"4331",43,22,1.21231979030144
"4332",43,23,1.21231979030144
"4333",43,24,1.21231979030144
"4334",43,25,1.11231979030144
"4335",43,26,1.11231979030144
"4336",43,27,1.21231979030144
"4337",43,28,1.21231979030144
"4338",43,29,1.11231979030144
"4339",43,30,1.11231979030144
"4340",43,31,0.912319790301442
"4341",43,32,0.812319790301443
"4342",43,33,0.712319790301443
"4343",43,34,0.812319790301443
"4344",43,35,0.712319790301443
"4345",43,36,0.712319790301443
"4346",43,37,0.712319790301443
"4347",43,38,0.712319790301443
"4348",43,39,0.812319790301443
"4349",43,40,0.812319790301443
"4350",43,41,0.712319790301443
"4351",43,42,0.612319790301441
"4352",43,43,0.612319790301441
"4353",43,44,0.512319790301442
"4354",43,45,0.412319790301442
"4355",43,46,0.412319790301442
"4356",43,47,0.412319790301442
"4357",43,48,0.412319790301442
"4358",43,49,0.512319790301442
"4359",43,50,0.412319790301442
"4360",43,51,0.412319790301442
"4361",43,52,0.212319790301443
"4362",43,53,0.112319790301441
"4363",43,54,0.0123197903014418
"4364",43,55,-0.287680209698557
"4365",43,56,-0.487680209698558
"4421",44,8,0.0123197903014418
"4423",44,10,0.312319790301443
"4424",44,11,0.512319790301442
"4425",44,12,0.812319790301443
"4426",44,13,0.912319790301442
"4427",44,14,1.01231979030144
"4428",44,15,1.01231979030144
"4429",44,16,1.01231979030144
"4430",44,17,0.912319790301442
"4431",44,18,1.01231979030144
"4432",44,19,1.11231979030144
"4433",44,20,1.11231979030144
"4434",44,21,1.31231979030144
"4435",44,22,1.21231979030144
"4436",44,23,1.21231979030144
"4437",44,24,1.21231979030144
"4438",44,25,1.21231979030144
"4439",44,26,1.31231979030144
"4440",44,27,1.21231979030144
"4441",44,28,1.21231979030144
"4442",44,29,1.11231979030144
"4443",44,30,1.11231979030144
"4444",44,31,1.01231979030144
"4445",44,32,0.912319790301442
"4446",44,33,0.712319790301443
"4447",44,34,0.812319790301443
"4448",44,35,0.812319790301443
"4449",44,36,0.712319790301443
"4450",44,37,0.712319790301443
"4451",44,38,0.712319790301443
"4452",44,39,0.812319790301443
"4453",44,40,0.712319790301443
"4454",44,41,0.712319790301443
"4455",44,42,0.712319790301443
"4456",44,43,0.612319790301441
"4457",44,44,0.512319790301442
"4458",44,45,0.412319790301442
"4459",44,46,0.412319790301442
"4460",44,47,0.512319790301442
"4461",44,48,0.512319790301442
"4462",44,49,0.412319790301442
"4463",44,50,0.412319790301442
"4464",44,51,0.212319790301443
"4465",44,52,0.0123197903014418
"4466",44,53,-0.0876802096985578
"4524",45,8,0.0123197903014418
"4526",45,10,0.412319790301442
"4527",45,11,0.612319790301441
"4528",45,12,0.812319790301443
"4529",45,13,0.912319790301442
"4530",45,14,1.01231979030144
"4531",45,15,1.11231979030144
"4532",45,16,1.11231979030144
"4533",45,17,1.11231979030144
"4534",45,18,1.01231979030144
"4535",45,19,1.11231979030144
"4536",45,20,1.21231979030144
"4537",45,21,1.21231979030144
"4538",45,22,1.21231979030144
"4539",45,23,1.21231979030144
"4540",45,24,1.31231979030144
"4541",45,25,1.21231979030144
"4542",45,26,1.31231979030144
"4543",45,27,1.31231979030144
"4544",45,28,1.31231979030144
"4545",45,29,1.21231979030144
"4546",45,30,1.01231979030144
"4547",45,31,1.01231979030144
"4548",45,32,0.912319790301442
"4549",45,33,0.912319790301442
"4550",45,34,0.912319790301442
"4551",45,35,0.912319790301442
"4552",45,36,0.812319790301443
"4553",45,37,0.812319790301443
"4554",45,38,0.812319790301443
"4555",45,39,0.812319790301443
"4556",45,40,0.912319790301442
"4557",45,41,0.812319790301443
"4558",45,42,0.712319790301443
"4559",45,43,0.612319790301441
"4560",45,44,0.612319790301441
"4561",45,45,0.512319790301442
"4562",45,46,0.512319790301442
"4563",45,47,0.412319790301442
"4564",45,48,0.312319790301443
"4565",45,49,0.312319790301443
"4566",45,50,0.212319790301443
"4567",45,51,0.112319790301441
"4568",45,52,-0.0876802096985578
"4626",46,10,0.512319790301442
"4627",46,11,0.712319790301443
"4628",46,12,0.812319790301443
"4629",46,13,0.912319790301442
"4630",46,14,1.11231979030144
"4631",46,15,1.11231979030144
"4632",46,16,1.11231979030144
"4633",46,17,1.11231979030144
"4634",46,18,1.11231979030144
"4635",46,19,1.11231979030144
"4636",46,20,1.21231979030144
"4637",46,21,1.31231979030144
"4638",46,22,1.21231979030144
"4639",46,23,1.21231979030144
"4640",46,24,1.21231979030144
"4641",46,25,1.21231979030144
"4642",46,26,1.31231979030144
"4643",46,27,1.21231979030144
"4644",46,28,1.21231979030144
"4645",46,29,1.31231979030144
"4646",46,30,1.11231979030144
"4647",46,31,1.01231979030144
"4648",46,32,0.912319790301442
"4649",46,33,0.912319790301442
"4650",46,34,1.01231979030144
"4651",46,35,0.912319790301442
"4652",46,36,0.812319790301443
"4653",46,37,0.812319790301443
"4654",46,38,0.812319790301443
"4655",46,39,0.912319790301442
"4656",46,40,0.812319790301443
"4657",46,41,0.912319790301442
"4658",46,42,0.812319790301443
"4659",46,43,0.612319790301441
"4660",46,44,0.512319790301442
"4661",46,45,0.612319790301441
"4662",46,46,0.512319790301442
"4663",46,47,0.512319790301442
"4664",46,48,0.312319790301443
"4665",46,49,0.212319790301443
"4666",46,50,0.0123197903014418
"4667",46,51,-0.187680209698557
"4726",47,10,0.512319790301442
"4727",47,11,0.712319790301443
"4728",47,12,0.812319790301443
"4729",47,13,1.01231979030144
"4730",47,14,1.01231979030144
"4731",47,15,1.21231979030144
"4732",47,16,1.21231979030144
"4733",47,17,1.21231979030144
"4734",47,18,1.21231979030144
"4735",47,19,1.21231979030144
"4736",47,20,1.11231979030144
"4737",47,21,1.21231979030144
"4738",47,22,1.21231979030144
"4739",47,23,1.21231979030144
"4740",47,24,1.11231979030144
"4741",47,25,1.31231979030144
"4742",47,26,1.31231979030144
"4743",47,27,1.31231979030144
"4744",47,28,1.31231979030144
"4745",47,29,1.21231979030144
"4746",47,30,1.11231979030144
"4747",47,31,1.11231979030144
"4748",47,32,1.11231979030144
"4749",47,33,1.11231979030144
"4750",47,34,1.01231979030144
"4751",47,35,0.912319790301442
"4752",47,36,0.912319790301442
"4753",47,37,0.812319790301443
"4754",47,38,0.812319790301443
"4755",47,39,0.912319790301442
"4756",47,40,1.01231979030144
"4757",47,41,0.912319790301442
"4758",47,42,0.712319790301443
"4759",47,43,0.712319790301443
"4760",47,44,0.612319790301441
"4761",47,45,0.612319790301441
"4762",47,46,0.512319790301442
"4763",47,47,0.412319790301442
"4764",47,48,0.212319790301443
"4765",47,49,0.112319790301441
"4766",47,50,-0.0876802096985578
"4767",47,51,-0.287680209698557
"4825",48,9,0.312319790301443
"4826",48,10,0.512319790301442
"4827",48,11,0.612319790301441
"4828",48,12,0.712319790301443
"4829",48,13,0.812319790301443
"4830",48,14,1.01231979030144
"4831",48,15,1.11231979030144
"4832",48,16,1.21231979030144
"4833",48,17,1.31231979030144
"4834",48,18,1.31231979030144
"4835",48,19,1.21231979030144
"4836",48,20,1.31231979030144
"4837",48,21,1.21231979030144
"4838",48,22,1.21231979030144
"4839",48,23,1.21231979030144
"4840",48,24,1.21231979030144
"4841",48,25,1.31231979030144
"4842",48,26,1.31231979030144
"4843",48,27,1.41231979030144
"4844",48,28,1.31231979030144
"4845",48,29,1.21231979030144
"4846",48,30,1.11231979030144
"4847",48,31,1.11231979030144
"4848",48,32,1.11231979030144
"4849",48,33,1.01231979030144
"4850",48,34,1.11231979030144
"4851",48,35,1.01231979030144
"4852",48,36,0.912319790301442
"4853",48,37,0.912319790301442
"4854",48,38,0.912319790301442
"4855",48,39,1.01231979030144
"4856",48,40,1.01231979030144
"4857",48,41,0.812319790301443
"4858",48,42,0.912319790301442
"4859",48,43,0.812319790301443
"4860",48,44,0.612319790301441
"4861",48,45,0.612319790301441
"4862",48,46,0.412319790301442
"4863",48,47,0.312319790301443
"4864",48,48,0.112319790301441
"4865",48,49,0.0123197903014418
"4866",48,50,-0.187680209698557
"4926",49,10,0.312319790301443
"4927",49,11,0.612319790301441
"4928",49,12,0.712319790301443
"4929",49,13,0.912319790301442
"4930",49,14,1.11231979030144
"4931",49,15,1.21231979030144
"4932",49,16,1.41231979030144
"4933",49,17,1.31231979030144
"4934",49,18,1.41231979030144
"4935",49,19,1.41231979030144
"4936",49,20,1.31231979030144
"4937",49,21,1.21231979030144
"4938",49,22,1.11231979030144
"4939",49,23,1.21231979030144
"4940",49,24,1.11231979030144
"4941",49,25,1.21231979030144
"4942",49,26,1.31231979030144
"4943",49,27,1.41231979030144
"4944",49,28,1.31231979030144
"4945",49,29,1.21231979030144
"4946",49,30,1.21231979030144
"4947",49,31,1.21231979030144
"4948",49,32,1.21231979030144
"4949",49,33,1.11231979030144
"4950",49,34,1.11231979030144
"4951",49,35,1.11231979030144
"4952",49,36,1.01231979030144
"4953",49,37,1.01231979030144
"4954",49,38,0.912319790301442
"4955",49,39,0.912319790301442
"4956",49,40,0.912319790301442
"4957",49,41,0.912319790301442
"4958",49,42,0.812319790301443
"4959",49,43,0.812319790301443
"4960",49,44,0.612319790301441
"4961",49,45,0.512319790301442
"4962",49,46,0.312319790301443
"4963",49,47,0.112319790301441
"4964",49,48,0.0123197903014418
"4965",49,49,-0.0876802096985578
"4966",49,50,-0.287680209698557
"5026",50,10,0.312319790301443
"5027",50,11,0.412319790301442
"5028",50,12,0.612319790301441
"5029",50,13,0.912319790301442
"5030",50,14,1.11231979030144
"5031",50,15,1.31231979030144
"5032",50,16,1.41231979030144
"5033",50,17,1.51231979030144
"5034",50,18,1.51231979030144
"5035",50,19,1.51231979030144
"5036",50,20,1.41231979030144
"5037",50,21,1.31231979030144
"5038",50,22,1.21231979030144
"5039",50,23,1.21231979030144
"5040",50,24,1.21231979030144
"5041",50,25,1.11231979030144
"5042",50,26,1.31231979030144
"5043",50,27,1.31231979030144
"5044",50,28,1.31231979030144
"5045",50,29,1.21231979030144
"5046",50,30,1.21231979030144
"5047",50,31,1.31231979030144
"5048",50,32,1.21231979030144
"5049",50,33,1.21231979030144
"5050",50,34,1.21231979030144
"5051",50,35,1.11231979030144
"5052",50,36,1.01231979030144
"5053",50,37,1.01231979030144
"5054",50,38,0.912319790301442
"5055",50,39,0.812319790301443
"5056",50,40,0.912319790301442
"5057",50,41,0.812319790301443
"5058",50,42,0.712319790301443
"5059",50,43,0.712319790301443
"5060",50,44,0.512319790301442
"5061",50,45,0.312319790301443
"5062",50,46,0.212319790301443
"5063",50,47,0.0123197903014418
"5064",50,48,-0.187680209698557
"5126",51,10,0.412319790301442
"5127",51,11,0.412319790301442
"5128",51,12,0.612319790301441
"5129",51,13,0.912319790301442
"5130",51,14,1.21231979030144
"5131",51,15,1.11231979030144
"5132",51,16,1.41231979030144
"5133",51,17,1.51231979030144
"5134",51,18,1.61231979030144
"5135",51,19,1.61231979030144
"5136",51,20,1.41231979030144
"5137",51,21,1.31231979030144
"5138",51,22,1.21231979030144
"5139",51,23,1.11231979030144
"5140",51,24,1.21231979030144
"5141",51,25,1.21231979030144
"5142",51,26,1.21231979030144
"5143",51,27,1.31231979030144
"5144",51,28,1.21231979030144
"5145",51,29,1.31231979030144
"5146",51,30,1.21231979030144
"5147",51,31,1.21231979030144
"5148",51,32,1.11231979030144
"5149",51,33,1.11231979030144
"5150",51,34,1.21231979030144
"5151",51,35,1.11231979030144
"5152",51,36,1.01231979030144
"5153",51,37,0.912319790301442
"5154",51,38,0.912319790301442
"5155",51,39,0.912319790301442
"5156",51,40,0.812319790301443
"5157",51,41,0.712319790301443
"5158",51,42,0.612319790301441
"5159",51,43,0.612319790301441
"5160",51,44,0.412319790301442
"5161",51,45,0.212319790301443
"5162",51,46,0.0123197903014418
"5163",51,47,0.0123197903014418
"5226",52,10,0.412319790301442
"5227",52,11,0.412319790301442
"5228",52,12,0.712319790301443
"5229",52,13,1.01231979030144
"5230",52,14,1.11231979030144
"5231",52,15,1.21231979030144
"5232",52,16,1.31231979030144
"5233",52,17,1.51231979030144
"5234",52,18,1.61231979030144
"5235",52,19,1.61231979030144
"5236",52,20,1.41231979030144
"5237",52,21,1.41231979030144
"5238",52,22,1.31231979030144
"5239",52,23,1.21231979030144
"5240",52,24,1.21231979030144
"5241",52,25,1.31231979030144
"5242",52,26,1.31231979030144
"5243",52,27,1.21231979030144
"5244",52,28,1.21231979030144
"5245",52,29,1.21231979030144
"5246",52,30,1.21231979030144
"5247",52,31,1.21231979030144
"5248",52,32,1.11231979030144
"5249",52,33,1.21231979030144
"5250",52,34,1.11231979030144
"5251",52,35,1.11231979030144
"5252",52,36,1.01231979030144
"5253",52,37,0.912319790301442
"5254",52,38,0.912319790301442
"5255",52,39,0.712319790301443
"5256",52,40,0.712319790301443
"5258",52,42,0.612319790301441
"5259",52,43,0.412319790301442
"5326",53,10,0.512319790301442
"5327",53,11,0.412319790301442
"5328",53,12,0.712319790301443
"5329",53,13,0.912319790301442
"5330",53,14,1.11231979030144
"5331",53,15,1.31231979030144
"5332",53,16,1.41231979030144
"5333",53,17,1.51231979030144
"5334",53,18,1.51231979030144
"5335",53,19,1.51231979030144
"5336",53,20,1.51231979030144
"5337",53,21,1.31231979030144
"5338",53,22,1.31231979030144
"5339",53,23,1.31231979030144
"5340",53,24,1.31231979030144
"5341",53,25,1.31231979030144
"5342",53,26,1.31231979030144
"5343",53,27,1.21231979030144
"5344",53,28,1.21231979030144
"5345",53,29,1.21231979030144
"5346",53,30,1.31231979030144
"5347",53,31,1.21231979030144
"5348",53,32,1.21231979030144
"5349",53,33,1.11231979030144
"5350",53,34,1.11231979030144
"5351",53,35,1.01231979030144
"5352",53,36,0.912319790301442
"5353",53,37,0.912319790301442
"5354",53,38,0.912319790301442
"5355",53,39,0.712319790301443
"5358",53,42,0.412319790301442
"5426",54,10,0.412319790301442
"5427",54,11,0.412319790301442
"5428",54,12,0.712319790301443
"5429",54,13,0.912319790301442
"5430",54,14,1.11231979030144
"5431",54,15,1.21231979030144
"5432",54,16,1.41231979030144
"5433",54,17,1.41231979030144
"5434",54,18,1.41231979030144
"5435",54,19,1.51231979030144
"5436",54,20,1.41231979030144
"5437",54,21,1.41231979030144
"5438",54,22,1.41231979030144
"5439",54,23,1.41231979030144
"5440",54,24,1.31231979030144
"5441",54,25,1.41231979030144
"5442",54,26,1.31231979030144
"5443",54,27,1.31231979030144
"5444",54,28,1.31231979030144
"5445",54,29,1.31231979030144
"5446",54,30,1.31231979030144
"5447",54,31,1.21231979030144
"5448",54,32,1.11231979030144
"5451",54,35,0.912319790301442
"5452",54,36,0.912319790301442
"5453",54,37,0.812319790301443
"5454",54,38,0.712319790301443
"5455",54,39,0.612319790301441
"5526",55,10,0.512319790301442
"5527",55,11,0.412319790301442
"5528",55,12,0.612319790301441
"5529",55,13,0.912319790301442
"5530",55,14,1.11231979030144
"5531",55,15,1.31231979030144
"5532",55,16,1.41231979030144
"5533",55,17,1.41231979030144
"5534",55,18,1.41231979030144
"5535",55,19,1.41231979030144
"5536",55,20,1.31231979030144
"5537",55,21,1.41231979030144
"5538",55,22,1.41231979030144
"5539",55,23,1.41231979030144
"5540",55,24,1.41231979030144
"5541",55,25,1.41231979030144
"5542",55,26,1.31231979030144
"5543",55,27,1.31231979030144
"5544",55,28,1.21231979030144
"5545",55,29,1.21231979030144
"5546",55,30,1.31231979030144
"5547",55,31,1.11231979030144
"5548",55,32,1.11231979030144
"5552",55,36,0.812319790301443
"5553",55,37,0.812319790301443
"5626",56,10,0.412319790301442
"5627",56,11,0.412319790301442
"5628",56,12,0.612319790301441
"5629",56,13,0.912319790301442
"5630",56,14,1.11231979030144
"5631",56,15,1.21231979030144
"5632",56,16,1.31231979030144
"5633",56,17,1.41231979030144
"5634",56,18,1.41231979030144
"5635",56,19,1.41231979030144
"5636",56,20,1.41231979030144
"5637",56,21,1.41231979030144
"5638",56,22,1.41231979030144
"5639",56,23,1.41231979030144
"5640",56,24,1.41231979030144
"5641",56,25,1.41231979030144
"5642",56,26,1.41231979030144
"5643",56,27,1.41231979030144
"5644",56,28,1.31231979030144
"5645",56,29,1.31231979030144
"5646",56,30,1.21231979030144
"5647",56,31,1.21231979030144
"5648",56,32,1.21231979030144
"5727",57,11,0.512319790301442
"5728",57,12,0.612319790301441
"5729",57,13,0.912319790301442
"5730",57,14,1.01231979030144
"5731",57,15,1.21231979030144
"5732",57,16,1.31231979030144
"5733",57,17,1.31231979030144
"5734",57,18,1.51231979030144
"5735",57,19,1.41231979030144
"5736",57,20,1.31231979030144
"5737",57,21,1.31231979030144
"5738",57,22,1.41231979030144
"5739",57,23,1.51231979030144
"5740",57,24,1.51231979030144
"5741",57,25,1.51231979030144
"5742",57,26,1.41231979030144
"5743",57,27,1.41231979030144
"5744",57,28,1.31231979030144
"5745",57,29,1.21231979030144
"5746",57,30,1.21231979030144
"5747",57,31,1.21231979030144
"5748",57,32,1.11231979030144
"5749",57,33,1.01231979030144
"5750",57,34,0.912319790301442
"5827",58,11,0.612319790301441
"5828",58,12,0.612319790301441
"5829",58,13,0.812319790301443
"5830",58,14,0.912319790301442
"5831",58,15,1.11231979030144
"5832",58,16,1.21231979030144
"5833",58,17,1.41231979030144
"5834",58,18,1.31231979030144
"5835",58,19,1.31231979030144
"5836",58,20,1.31231979030144
"5837",58,21,1.21231979030144
"5838",58,22,1.41231979030144
"5839",58,23,1.41231979030144
"5840",58,24,1.51231979030144
"5841",58,25,1.51231979030144
"5842",58,26,1.41231979030144
"5843",58,27,1.41231979030144
"5844",58,28,1.31231979030144
"5845",58,29,1.31231979030144
"5846",58,30,1.21231979030144
"5847",58,31,1.11231979030144
"5848",58,32,1.21231979030144
"5849",58,33,1.01231979030144
"5850",58,34,0.912319790301442
"5928",59,12,0.712319790301443
"5929",59,13,0.712319790301443
"5930",59,14,0.912319790301442
"5931",59,15,1.11231979030144
"5932",59,16,1.21231979030144
"5935",59,19,1.31231979030144
"5936",59,20,1.41231979030144
"5937",59,21,1.31231979030144
"5938",59,22,1.31231979030144
"5939",59,23,1.41231979030144
"5940",59,24,1.41231979030144
"5941",59,25,1.51231979030144
"5942",59,26,1.41231979030144
"5943",59,27,1.41231979030144
"5944",59,28,1.41231979030144
"5945",59,29,1.21231979030144
"5946",59,30,1.21231979030144
"5947",59,31,1.01231979030144
"5948",59,32,1.01231979030144
"5949",59,33,1.01231979030144
"5950",59,34,0.912319790301442
"6028",60,12,0.712319790301443
"6029",60,13,0.712319790301443
"6030",60,14,0.812319790301443
"6031",60,15,0.912319790301442
"6032",60,16,1.11231979030144
"6037",60,21,1.31231979030144
"6038",60,22,1.31231979030144
"6039",60,23,1.41231979030144
"6040",60,24,1.41231979030144
"6041",60,25,1.41231979030144
"6042",60,26,1.41231979030144
"6043",60,27,1.41231979030144
"6044",60,28,1.31231979030144
"6045",60,29,1.21231979030144
"6046",60,30,1.11231979030144
"6047",60,31,1.01231979030144
"6048",60,32,1.01231979030144
"6049",60,33,0.912319790301442
"6050",60,34,0.812319790301443
"6129",61,13,0.712319790301443
"6130",61,14,0.912319790301442
"6131",61,15,0.912319790301442
"6132",61,16,1.11231979030144
"6137",61,21,1.31231979030144
"6138",61,22,1.41231979030144
"6139",61,23,1.31231979030144
"6140",61,24,1.31231979030144
"6141",61,25,1.41231979030144
"6142",61,26,1.41231979030144
"6143",61,27,1.41231979030144
"6144",61,28,1.31231979030144
"6145",61,29,1.21231979030144
"6146",61,30,1.01231979030144
"6147",61,31,1.01231979030144
"6148",61,32,0.912319790301442
"6149",61,33,0.812319790301443
"6230",62,14,0.812319790301443
"6231",62,15,0.912319790301442
"6232",62,16,1.01231979030144
"6239",62,23,1.31231979030144
"6240",62,24,1.41231979030144
"6241",62,25,1.41231979030144
"6242",62,26,1.31231979030144
"6243",62,27,1.21231979030144
"6244",62,28,1.21231979030144
"6245",62,29,1.11231979030144
"6246",62,30,1.01231979030144
"6247",62,31,0.912319790301442
"6248",62,32,0.812319790301443
"6249",62,33,0.812319790301443
"6330",63,14,0.912319790301442
"6331",63,15,0.912319790301442
"6332",63,16,1.11231979030144
"6340",63,24,1.41231979030144
"6341",63,25,1.31231979030144
"6342",63,26,1.31231979030144
"6343",63,27,1.21231979030144
"6344",63,28,1.11231979030144
"6345",63,29,1.11231979030144
"6346",63,30,1.01231979030144
"6347",63,31,0.912319790301442
"6348",63,32,0.812319790301443
"6441",64,25,1.31231979030144
"6442",64,26,1.31231979030144
"6443",64,27,1.21231979030144
"6444",64,28,1.11231979030144
"6445",64,29,1.01231979030144
"6446",64,30,0.912319790301442
"6447",64,31,0.912319790301442
"6448",64,32,0.812319790301443
